/*******************************************************************************
 * Size: 22 px
 * Bpp: 2
 * Opts: --bpp 2 --size 22 --no-compress --stride 1 --align 1 --font Aptos-SemiBold.ttf --range 32-127,160-383 --format lvgl -o lv_font_aptos_semibold_22.c
 ******************************************************************************/

#ifdef __has_include
    #if __has_include("lvgl.h")
        #ifndef LV_LVGL_H_INCLUDE_SIMPLE
            #define LV_LVGL_H_INCLUDE_SIMPLE
        #endif
    #endif
#endif

#ifdef LV_LVGL_H_INCLUDE_SIMPLE
    #include "lvgl.h"
#else
    #include "lvgl/lvgl.h"
#endif



#ifndef LV_FONT_APTOS_SEMIBOLD_22
#define LV_FONT_APTOS_SEMIBOLD_22 1
#endif

#if LV_FONT_APTOS_SEMIBOLD_22

/*-----------------
 *    BITMAPS
 *----------------*/

/*Store the image of the glyphs*/
LV_ATTRIBUTE_LARGE_CONST static const uint8_t glyph_bitmap[] __attribute__((section(".ext_ram"))) = {
    /* U+0020 " " */

    /* U+0021 "!" */
    0x3d, 0x3d, 0x3d, 0x3d, 0x3d, 0x3d, 0x3d, 0x3c,
    0x2c, 0x2c, 0x0, 0x0, 0x3e, 0x7f, 0x3d,

    /* U+0022 "\"" */
    0xb4, 0xf6, 0xd3, 0xdb, 0x4f, 0x6d, 0x2c, 0x74,
    0xb0, 0x40, 0x40,

    /* U+0023 "#" */
    0x0, 0xe0, 0xf0, 0x0, 0xd0, 0xe0, 0x1, 0xd0,
    0xe0, 0x1, 0xc0, 0xd0, 0x2, 0xc1, 0xd0, 0x3f,
    0xff, 0xfd, 0x1b, 0xeb, 0xe8, 0x3, 0x82, 0xc0,
    0x3, 0x83, 0xc0, 0xbf, 0xff, 0xf8, 0x6b, 0xab,
    0xa4, 0xb, 0x7, 0x40, 0xb, 0x7, 0x0, 0xf,
    0xb, 0x0, 0xe, 0xb, 0x0,

    /* U+0024 "$" */
    0x0, 0x34, 0x0, 0x0, 0xd0, 0x0, 0x2f, 0xf4,
    0x3, 0xff, 0xf8, 0x2f, 0x35, 0xf0, 0xf4, 0xd3,
    0xd3, 0xe3, 0x40, 0xb, 0xed, 0x0, 0xf, 0xfe,
    0x0, 0x7, 0xff, 0x80, 0x3, 0xbf, 0x40, 0xd,
    0x2f, 0x28, 0x34, 0x7c, 0xf0, 0xd1, 0xf3, 0xf3,
    0x4f, 0x87, 0xff, 0xfc, 0x2, 0xff, 0x80, 0x0,
    0xd0, 0x0, 0x3, 0x40, 0x0,

    /* U+0025 "%" */
    0xb, 0xe0, 0x0, 0xb0, 0x1, 0xe7, 0x80, 0x1d,
    0x0, 0x3c, 0x2c, 0x3, 0xc0, 0x3, 0x81, 0xc0,
    0x74, 0x0, 0x38, 0x1d, 0xe, 0x0, 0x3, 0x81,
    0xd2, 0xc0, 0x0, 0x3c, 0x2c, 0x38, 0xbf, 0x2,
    0xd3, 0xcb, 0x1e, 0x7c, 0xf, 0xf1, 0xd3, 0xc2,
    0xc0, 0x4, 0x3c, 0x3c, 0x1d, 0x0, 0x7, 0x43,
    0x81, 0xd0, 0x0, 0xf0, 0x3c, 0x1d, 0x0, 0x2c,
    0x2, 0xc2, 0xc0, 0x3, 0x80, 0x1e, 0x7c, 0x0,
    0xb0, 0x0, 0x7e, 0x0,

    /* U+0026 "&" */
    0x1, 0xfe, 0x0, 0x0, 0xbf, 0xf8, 0x0, 0xf,
    0x43, 0xc0, 0x0, 0xf0, 0x3c, 0x0, 0xf, 0x87,
    0xc0, 0x0, 0x7e, 0xf0, 0x0, 0x3, 0xf8, 0x0,
    0x1, 0xff, 0xc0, 0xa0, 0x7d, 0x3e, 0xf, 0xb,
    0x81, 0xf9, 0xf0, 0xf8, 0x7, 0xfe, 0xf, 0x80,
    0x2f, 0xd0, 0xbe, 0x2, 0xfc, 0x3, 0xff, 0xff,
    0xf0, 0x7, 0xfe, 0xf, 0xc0,

    /* U+0027 "'" */
    0xb6, 0xdb, 0x6d, 0x74, 0x40,

    /* U+0028 "(" */
    0x7, 0x83, 0xc1, 0xe0, 0xf4, 0x3c, 0x1f, 0xb,
    0x82, 0xe0, 0xf4, 0x3d, 0xf, 0x42, 0xd0, 0xb8,
    0x1f, 0x3, 0xc0, 0xf4, 0x1e, 0x3, 0xc0, 0x78,

    /* U+0029 ")" */
    0x3c, 0x2, 0xd0, 0xf, 0x0, 0xf0, 0xb, 0x80,
    0x7c, 0x3, 0xc0, 0x3c, 0x3, 0xd0, 0x3d, 0x3,
    0xc0, 0x3c, 0x3, 0xc0, 0x7c, 0xb, 0x80, 0xf0,
    0xf, 0x2, 0xd0, 0x3c, 0x0,

    /* U+002A "*" */
    0x0, 0xb0, 0x0, 0xb, 0x0, 0x24, 0xb1, 0x83,
    0xff, 0xfc, 0x2, 0xf8, 0x0, 0x3f, 0xc0, 0xb,
    0xe, 0x0, 0x90, 0x60, 0x0, 0x0, 0x0,

    /* U+002B "+" */
    0x0, 0xf0, 0x0, 0xf, 0x0, 0x0, 0xf0, 0x0,
    0xf, 0x0, 0xff, 0xff, 0xef, 0xff, 0xfe, 0x0,
    0xf0, 0x0, 0xf, 0x0, 0x0, 0xf0, 0x0, 0xf,
    0x0,

    /* U+002C "," */
    0x0, 0x3d, 0x7f, 0x3f, 0xe, 0x3c, 0x70, 0x0,

    /* U+002D "-" */
    0x0, 0x0, 0xff, 0xe3, 0xff, 0x80,

    /* U+002E "." */
    0x0, 0x3e, 0x7f, 0x3d,

    /* U+002F "/" */
    0x0, 0x2e, 0x0, 0x3c, 0x0, 0x7c, 0x0, 0xb4,
    0x0, 0xf0, 0x1, 0xf0, 0x2, 0xd0, 0x3, 0xc0,
    0x7, 0x80, 0xf, 0x40, 0xf, 0x0, 0x1e, 0x0,
    0x3d, 0x0, 0x3c, 0x0, 0xb8, 0x0,

    /* U+0030 "0" */
    0x1, 0xfe, 0x0, 0x1f, 0xff, 0x0, 0xf8, 0x3f,
    0xb, 0xc0, 0x7d, 0x3e, 0x0, 0xf8, 0xf8, 0x3,
    0xe3, 0xd0, 0xb, 0xcf, 0x40, 0x2f, 0x3d, 0x0,
    0xbc, 0xf8, 0x3, 0xe3, 0xe0, 0xf, 0x8b, 0xc0,
    0x7d, 0xf, 0x83, 0xf0, 0x1f, 0xff, 0x0, 0x1f,
    0xe0, 0x0,

    /* U+0031 "1" */
    0x0, 0xbc, 0x2, 0xfc, 0x2f, 0xfc, 0x3f, 0xbc,
    0x38, 0x7c, 0x0, 0x7c, 0x0, 0x7c, 0x0, 0x7c,
    0x0, 0x7c, 0x0, 0x7c, 0x0, 0x7c, 0x0, 0x7c,
    0x0, 0x7c, 0x0, 0x7c, 0x0, 0x7c,

    /* U+0032 "2" */
    0x1, 0xff, 0x40, 0x2f, 0xff, 0x81, 0xf8, 0x2f,
    0xb, 0x80, 0x3d, 0x2d, 0x0, 0xf4, 0x0, 0x3,
    0xd0, 0x0, 0x2f, 0x0, 0x1, 0xf4, 0x0, 0x1f,
    0x80, 0x1, 0xf8, 0x0, 0x1f, 0x80, 0x1, 0xf8,
    0x0, 0x1f, 0x80, 0x0, 0xff, 0xff, 0xf3, 0xff,
    0xff, 0xc0,

    /* U+0033 "3" */
    0x1, 0xff, 0x40, 0x3f, 0xff, 0x81, 0xf4, 0x1f,
    0xb, 0x80, 0x3d, 0x4, 0x0, 0xf4, 0x0, 0xb,
    0xc0, 0x3, 0xf8, 0x0, 0xf, 0xf4, 0x0, 0x2,
    0xf4, 0x0, 0x2, 0xe3, 0xc0, 0xb, 0xcf, 0x40,
    0x2f, 0x2f, 0x41, 0xf4, 0x3f, 0xff, 0xc0, 0x2f,
    0xf4, 0x0,

    /* U+0034 "4" */
    0x0, 0x7, 0xd0, 0x0, 0xf, 0xd0, 0x0, 0x2f,
    0xd0, 0x0, 0x7f, 0xd0, 0x0, 0xf3, 0xd0, 0x2,
    0xe3, 0xd0, 0x7, 0xc3, 0xd0, 0xf, 0x43, 0xd0,
    0x2e, 0x3, 0xd0, 0x3c, 0x3, 0xd0, 0xbf, 0xff,
    0xfc, 0xbf, 0xff, 0xfc, 0x0, 0x3, 0xd0, 0x0,
    0x3, 0xd0, 0x0, 0x3, 0xd0,

    /* U+0035 "5" */
    0xf, 0xff, 0xf0, 0x3f, 0xff, 0xc0, 0xf0, 0x0,
    0x7, 0xc0, 0x0, 0x1e, 0x0, 0x0, 0x7a, 0xfd,
    0x1, 0xff, 0xfe, 0xb, 0xd0, 0xbd, 0x0, 0x0,
    0xf8, 0x0, 0x2, 0xf1, 0x40, 0xb, 0xcf, 0x40,
    0x3e, 0x2f, 0x42, 0xf4, 0x3f, 0xff, 0x80, 0x2f,
    0xf4, 0x0,

    /* U+0036 "6" */
    0x0, 0xbf, 0x40, 0x1f, 0xff, 0x80, 0xf8, 0x1f,
    0xb, 0xc0, 0x2e, 0x3e, 0x0, 0x0, 0xf4, 0x0,
    0x3, 0xd7, 0xf8, 0xf, 0xff, 0xfc, 0x3f, 0x41,
    0xf8, 0xf4, 0x2, 0xf3, 0xe0, 0x7, 0xcb, 0xc0,
    0x2f, 0xf, 0x81, 0xf8, 0x1f, 0xff, 0xc0, 0x1b,
    0xf8, 0x0,

    /* U+0037 "7" */
    0x3f, 0xff, 0xfc, 0xff, 0xff, 0xf0, 0x0, 0xf,
    0x80, 0x0, 0x3c, 0x0, 0x2, 0xe0, 0x0, 0xf,
    0x0, 0x0, 0xbc, 0x0, 0x3, 0xd0, 0x0, 0x1f,
    0x0, 0x0, 0xf4, 0x0, 0x7, 0xc0, 0x0, 0x3e,
    0x0, 0x1, 0xf0, 0x0, 0xf, 0x80, 0x0, 0x7c,
    0x0, 0x0,

    /* U+0038 "8" */
    0x1, 0xff, 0x40, 0x2f, 0xff, 0x41, 0xf4, 0x2f,
    0x7, 0xc0, 0x3c, 0x1f, 0x0, 0xf0, 0x3d, 0xb,
    0xc0, 0x7f, 0xfc, 0x1, 0xff, 0xf0, 0x1f, 0x42,
    0xf0, 0xf8, 0x3, 0xe3, 0xd0, 0xb, 0xcf, 0x80,
    0x3e, 0x2f, 0x42, 0xf4, 0x3f, 0xff, 0x80, 0x2f,
    0xf4, 0x0,

    /* U+0039 "9" */
    0x2, 0xfe, 0x0, 0x3f, 0xff, 0x42, 0xf4, 0x3f,
    0xf, 0x40, 0x3d, 0x3d, 0x0, 0xb8, 0xf4, 0x2,
    0xf3, 0xf0, 0x2f, 0xc7, 0xff, 0xff, 0x2, 0xfd,
    0x7c, 0x0, 0x2, 0xf0, 0x0, 0xf, 0x8f, 0x40,
    0x3d, 0x2f, 0x3, 0xf0, 0x3f, 0xff, 0x0, 0x2f,
    0xe0, 0x0,

    /* U+003A ":" */
    0x3d, 0x7f, 0x3e, 0x0, 0x0, 0x0, 0x0, 0x0,
    0x3e, 0x7f, 0x3d,

    /* U+003B ";" */
    0x3d, 0x7f, 0x3e, 0x0, 0x0, 0x0, 0x0, 0x0,
    0x3d, 0x7f, 0x3f, 0xe, 0x3c, 0x70, 0x0,

    /* U+003C "<" */
    0x0, 0x0, 0x60, 0x0, 0x7e, 0x0, 0xbf, 0x81,
    0xbf, 0x40, 0xfe, 0x40, 0xf, 0x0, 0x0, 0xfe,
    0x0, 0x1, 0xfe, 0x0, 0x1, 0xff, 0x40, 0x1,
    0xbe, 0x0, 0x0, 0xa0, 0x0, 0x0,

    /* U+003D "=" */
    0xff, 0xff, 0xef, 0xff, 0xfe, 0x0, 0x0, 0x0,
    0x0, 0x0, 0xff, 0xff, 0xef, 0xff, 0xfe,

    /* U+003E ">" */
    0x80, 0x0, 0xf, 0xd0, 0x0, 0x6f, 0xd0, 0x0,
    0x2f, 0xe0, 0x0, 0x1f, 0xe0, 0x0, 0x1f, 0x0,
    0xb, 0xe0, 0x1f, 0xf4, 0x1f, 0xe4, 0xf, 0xe0,
    0x0, 0xd0, 0x0, 0x0, 0x0, 0x0,

    /* U+003F "?" */
    0x2, 0xff, 0x40, 0x7f, 0xff, 0x83, 0xf0, 0x2f,
    0xf, 0x40, 0x3d, 0x14, 0x0, 0xf4, 0x0, 0xf,
    0xc0, 0x0, 0xfd, 0x0, 0xf, 0xc0, 0x0, 0x7c,
    0x0, 0x2, 0xe0, 0x0, 0x0, 0x0, 0x0, 0x0,
    0x0, 0x0, 0xfc, 0x0, 0x3, 0xf0, 0x0, 0xb,
    0x80, 0x0,

    /* U+0040 "@" */
    0x0, 0x1b, 0xfe, 0x40, 0x0, 0x1f, 0xfa, 0xff,
    0x40, 0xb, 0xd0, 0x0, 0x7d, 0x1, 0xf0, 0x0,
    0x0, 0xf4, 0x3c, 0xb, 0xf7, 0xc3, 0xc7, 0x42,
    0xff, 0xfc, 0x2c, 0xb0, 0x3c, 0xb, 0xc1, 0xdf,
    0x7, 0xc0, 0x3c, 0xe, 0xf0, 0xb8, 0x3, 0xc0,
    0xef, 0x7, 0xc0, 0x3c, 0x1e, 0xb0, 0x3c, 0xb,
    0xc2, 0xd7, 0x42, 0xff, 0xff, 0xfc, 0x3c, 0xb,
    0xf0, 0xbe, 0x1, 0xf0, 0x0, 0x0, 0x0, 0xb,
    0xd0, 0x0, 0x0, 0x0, 0x1f, 0xfa, 0xfc, 0x0,
    0x0, 0x1b, 0xff, 0x40, 0x0,

    /* U+0041 "A" */
    0x0, 0x3f, 0x0, 0x0, 0x3, 0xf4, 0x0, 0x0,
    0xbf, 0xc0, 0x0, 0xf, 0x7c, 0x0, 0x0, 0xf2,
    0xe0, 0x0, 0x2e, 0x1f, 0x0, 0x3, 0xd0, 0xf4,
    0x0, 0x7c, 0xb, 0x80, 0xb, 0x80, 0x7c, 0x0,
    0xff, 0xff, 0xd0, 0x1f, 0xff, 0xfe, 0x2, 0xf0,
    0x1, 0xf0, 0x3d, 0x0, 0xf, 0x47, 0xc0, 0x0,
    0xf8, 0xfc, 0x0, 0x7, 0xc0,

    /* U+0042 "B" */
    0x3f, 0xff, 0x40, 0x3f, 0xff, 0xf0, 0x3d, 0x2,
    0xf4, 0x3d, 0x0, 0xf8, 0x3d, 0x0, 0xf4, 0x3d,
    0x2, 0xf0, 0x3f, 0xff, 0xc0, 0x3f, 0xff, 0xf0,
    0x3d, 0x0, 0xfc, 0x3d, 0x0, 0x3d, 0x3d, 0x0,
    0x3d, 0x3d, 0x0, 0x3d, 0x3d, 0x1, 0xfc, 0x3f,
    0xff, 0xf4, 0x3f, 0xff, 0x90,

    /* U+0043 "C" */
    0x0, 0xbf, 0xe0, 0x0, 0x7f, 0xff, 0xe0, 0x1f,
    0xd0, 0x7f, 0x43, 0xf0, 0x0, 0xfc, 0x7d, 0x0,
    0x7, 0xcb, 0xc0, 0x0, 0x0, 0xf8, 0x0, 0x0,
    0xf, 0x80, 0x0, 0x0, 0xf8, 0x0, 0x0, 0xb,
    0xc0, 0x0, 0x14, 0x7d, 0x0, 0x7, 0xc3, 0xf0,
    0x0, 0xfc, 0x1f, 0xd0, 0x7f, 0x40, 0x7f, 0xff,
    0xe0, 0x0, 0xbf, 0xe0, 0x0,

    /* U+0044 "D" */
    0x3f, 0xff, 0x90, 0x3, 0xff, 0xff, 0x80, 0x3d,
    0x1, 0xfe, 0x3, 0xd0, 0x2, 0xf4, 0x3d, 0x0,
    0xf, 0x83, 0xd0, 0x0, 0xbc, 0x3d, 0x0, 0x7,
    0xc3, 0xd0, 0x0, 0x7c, 0x3d, 0x0, 0x7, 0xc3,
    0xd0, 0x0, 0xbc, 0x3d, 0x0, 0xf, 0x83, 0xd0,
    0x2, 0xf4, 0x3d, 0x1, 0xfe, 0x3, 0xff, 0xff,
    0x80, 0x3f, 0xff, 0x90, 0x0,

    /* U+0045 "E" */
    0x3f, 0xff, 0xf4, 0xff, 0xff, 0xd3, 0xd0, 0x0,
    0xf, 0x40, 0x0, 0x3d, 0x0, 0x0, 0xf4, 0x0,
    0x3, 0xff, 0xfe, 0xf, 0xff, 0xf8, 0x3d, 0x0,
    0x0, 0xf4, 0x0, 0x3, 0xd0, 0x0, 0xf, 0x40,
    0x0, 0x3d, 0x0, 0x0, 0xff, 0xff, 0xd3, 0xff,
    0xff, 0x40,

    /* U+0046 "F" */
    0x3f, 0xff, 0xf0, 0xff, 0xff, 0xc3, 0xd0, 0x0,
    0xf, 0x40, 0x0, 0x3d, 0x0, 0x0, 0xf4, 0x0,
    0x3, 0xff, 0xfd, 0xf, 0xff, 0xf4, 0x3d, 0x0,
    0x0, 0xf4, 0x0, 0x3, 0xd0, 0x0, 0xf, 0x40,
    0x0, 0x3d, 0x0, 0x0, 0xf4, 0x0, 0x3, 0xd0,
    0x0, 0x0,

    /* U+0047 "G" */
    0x0, 0xbf, 0xe0, 0x0, 0x7f, 0xff, 0xe0, 0x1f,
    0xd0, 0x7f, 0x83, 0xf0, 0x0, 0xbc, 0x7c, 0x0,
    0x2, 0x8b, 0xc0, 0x0, 0x0, 0xf8, 0x0, 0x0,
    0xf, 0x80, 0x2f, 0xfe, 0xf8, 0x2, 0xff, 0xeb,
    0xc0, 0x0, 0x3d, 0x7c, 0x0, 0x3, 0xd3, 0xf0,
    0x0, 0xbc, 0x1f, 0xd0, 0x7f, 0x40, 0x7f, 0xff,
    0xe0, 0x0, 0xbf, 0xe0, 0x0,

    /* U+0048 "H" */
    0x3d, 0x0, 0x7, 0xcf, 0x40, 0x1, 0xf3, 0xd0,
    0x0, 0x7c, 0xf4, 0x0, 0x1f, 0x3d, 0x0, 0x7,
    0xcf, 0x40, 0x1, 0xf3, 0xff, 0xff, 0xfc, 0xff,
    0xff, 0xff, 0x3d, 0x55, 0x5b, 0xcf, 0x40, 0x1,
    0xf3, 0xd0, 0x0, 0x7c, 0xf4, 0x0, 0x1f, 0x3d,
    0x0, 0x7, 0xcf, 0x40, 0x1, 0xf3, 0xd0, 0x0,
    0x7c,

    /* U+0049 "I" */
    0x3d, 0x3d, 0x3d, 0x3d, 0x3d, 0x3d, 0x3d, 0x3d,
    0x3d, 0x3d, 0x3d, 0x3d, 0x3d, 0x3d, 0x3d,

    /* U+004A "J" */
    0x1, 0xf0, 0x7, 0xc0, 0x1f, 0x0, 0x7c, 0x1,
    0xf0, 0x7, 0xc0, 0x1f, 0x0, 0x7c, 0x1, 0xf0,
    0x7, 0xc0, 0x1f, 0x0, 0xbc, 0x7, 0xe2, 0xff,
    0xb, 0xe0, 0x0,

    /* U+004B "K" */
    0x3d, 0x0, 0xbd, 0xf, 0x40, 0x7d, 0x3, 0xd0,
    0x3e, 0x0, 0xf4, 0x3f, 0x0, 0x3d, 0x2f, 0x0,
    0xf, 0x5f, 0x0, 0x3, 0xdf, 0x40, 0x0, 0xff,
    0xd0, 0x0, 0x3d, 0xfc, 0x0, 0xf, 0x4f, 0xc0,
    0x3, 0xd1, 0xf8, 0x0, 0xf4, 0x2f, 0x40, 0x3d,
    0x3, 0xf0, 0xf, 0x40, 0x3f, 0x3, 0xd0, 0x7,
    0xe0,

    /* U+004C "L" */
    0x3d, 0x0, 0x3, 0xd0, 0x0, 0x3d, 0x0, 0x3,
    0xd0, 0x0, 0x3d, 0x0, 0x3, 0xd0, 0x0, 0x3d,
    0x0, 0x3, 0xd0, 0x0, 0x3d, 0x0, 0x3, 0xd0,
    0x0, 0x3d, 0x0, 0x3, 0xd0, 0x0, 0x3d, 0x0,
    0x3, 0xff, 0xfe, 0x3f, 0xff, 0xe0,

    /* U+004D "M" */
    0x3f, 0x0, 0x0, 0xfc, 0xfd, 0x0, 0xb, 0xf3,
    0xfc, 0x0, 0x3f, 0xcf, 0xf8, 0x3, 0xff, 0x3d,
    0xf0, 0x1f, 0xbc, 0xf2, 0xe0, 0xf6, 0xf3, 0xc3,
    0xd7, 0xcb, 0xcf, 0xb, 0xfc, 0x2f, 0x3c, 0xf,
    0xe0, 0xbc, 0xf0, 0x1f, 0x2, 0xf3, 0xc0, 0x10,
    0xb, 0xcf, 0x0, 0x0, 0x2f, 0x3c, 0x0, 0x0,
    0xbc, 0xf0, 0x0, 0x2, 0xf3, 0xc0, 0x0, 0xb,
    0xc0,

    /* U+004E "N" */
    0x3e, 0x0, 0x7, 0xcf, 0xd0, 0x1, 0xf3, 0xfc,
    0x0, 0x7c, 0xff, 0x80, 0x1f, 0x3e, 0xf4, 0x7,
    0xcf, 0x3f, 0x1, 0xf3, 0xc3, 0xe0, 0x7c, 0xf0,
    0xbc, 0x1f, 0x3c, 0xf, 0xc7, 0xcf, 0x0, 0xf9,
    0xf3, 0xc0, 0x2f, 0xbc, 0xf0, 0x3, 0xff, 0x3c,
    0x0, 0x3f, 0xcf, 0x0, 0xb, 0xf3, 0xc0, 0x0,
    0xfc,

    /* U+004F "O" */
    0x0, 0xbf, 0xe4, 0x0, 0x1f, 0xff, 0xf8, 0x1,
    0xfd, 0x7, 0xf8, 0xf, 0xc0, 0x2, 0xf0, 0x7d,
    0x0, 0x3, 0xe2, 0xf0, 0x0, 0xb, 0xcf, 0x80,
    0x0, 0x2f, 0x3e, 0x0, 0x0, 0xbc, 0xf8, 0x0,
    0x2, 0xf2, 0xf0, 0x0, 0xb, 0xc7, 0xd0, 0x0,
    0x3e, 0xf, 0xc0, 0x2, 0xf0, 0x1f, 0xd0, 0x7f,
    0x80, 0x1f, 0xff, 0xf8, 0x0, 0xb, 0xfe, 0x40,
    0x0,

    /* U+0050 "P" */
    0x3f, 0xff, 0x80, 0x3f, 0xff, 0xf0, 0x3d, 0x1,
    0xfc, 0x3d, 0x0, 0xbc, 0x3d, 0x0, 0x7c, 0x3d,
    0x0, 0x7c, 0x3d, 0x1, 0xfc, 0x3f, 0xff, 0xf0,
    0x3f, 0xff, 0x80, 0x3d, 0x0, 0x0, 0x3d, 0x0,
    0x0, 0x3d, 0x0, 0x0, 0x3d, 0x0, 0x0, 0x3d,
    0x0, 0x0, 0x3d, 0x0, 0x0,

    /* U+0051 "Q" */
    0x0, 0xbf, 0xe4, 0x0, 0x1f, 0xff, 0xf8, 0x1,
    0xfd, 0x7, 0xf8, 0xf, 0xc0, 0x2, 0xf0, 0x7d,
    0x0, 0x3, 0xe2, 0xf0, 0x0, 0xb, 0xcf, 0x80,
    0x0, 0x2f, 0x3e, 0x0, 0x0, 0xbc, 0xf8, 0x0,
    0x2, 0xf2, 0xf0, 0x0, 0xb, 0xc7, 0xd0, 0x0,
    0x3e, 0xf, 0xc0, 0x2, 0xf0, 0x1f, 0xd0, 0x7f,
    0x80, 0x1f, 0xff, 0xf8, 0x0, 0xb, 0xff, 0x40,
    0x0, 0x0, 0xbd, 0x0, 0x0, 0x0, 0xff, 0xd0,
    0x0, 0x0, 0xbf, 0x40, 0x0, 0x0, 0x0, 0x0,

    /* U+0052 "R" */
    0x3f, 0xff, 0x90, 0xf, 0xff, 0xfd, 0x3, 0xd0,
    0x1f, 0xc0, 0xf4, 0x1, 0xf0, 0x3d, 0x0, 0x7c,
    0xf, 0x40, 0x2f, 0x3, 0xd0, 0x1f, 0x40, 0xff,
    0xff, 0x40, 0x3f, 0xff, 0xe0, 0xf, 0x40, 0x7d,
    0x3, 0xd0, 0xb, 0xc0, 0xf4, 0x1, 0xf0, 0x3d,
    0x0, 0x3d, 0xf, 0x40, 0xf, 0x83, 0xd0, 0x2,
    0xf0,

    /* U+0053 "S" */
    0x2, 0xff, 0x90, 0x3, 0xff, 0xfe, 0x2, 0xf4,
    0xf, 0xc0, 0xf8, 0x0, 0xf4, 0x3f, 0x0, 0x0,
    0x7, 0xf4, 0x0, 0x0, 0xbf, 0xe4, 0x0, 0x7,
    0xff, 0xd0, 0x0, 0x6, 0xfd, 0x0, 0x0, 0xf,
    0xc2, 0x80, 0x2, 0xf0, 0xf8, 0x0, 0xbc, 0x2f,
    0x80, 0xbe, 0x3, 0xff, 0xff, 0x0, 0x1f, 0xfd,
    0x0,

    /* U+0054 "T" */
    0xff, 0xff, 0xfb, 0xff, 0xff, 0xe0, 0xf, 0x80,
    0x0, 0x3e, 0x0, 0x0, 0xf8, 0x0, 0x3, 0xe0,
    0x0, 0xf, 0x80, 0x0, 0x3e, 0x0, 0x0, 0xf8,
    0x0, 0x3, 0xe0, 0x0, 0xf, 0x80, 0x0, 0x3e,
    0x0, 0x0, 0xf8, 0x0, 0x3, 0xe0, 0x0, 0xf,
    0x80, 0x0,

    /* U+0055 "U" */
    0x7c, 0x0, 0xf, 0x9f, 0x0, 0x3, 0xe7, 0xc0,
    0x0, 0xf9, 0xf0, 0x0, 0x3e, 0x7c, 0x0, 0xf,
    0x9f, 0x0, 0x3, 0xe7, 0xc0, 0x0, 0xf9, 0xf0,
    0x0, 0x3e, 0x7c, 0x0, 0xf, 0x9f, 0x0, 0x3,
    0xe3, 0xd0, 0x0, 0xf4, 0xf8, 0x0, 0xbc, 0x2f,
    0x90, 0xbf, 0x3, 0xff, 0xff, 0x0, 0x1f, 0xfe,
    0x0,

    /* U+0056 "V" */
    0xfc, 0x0, 0xb, 0xc7, 0xc0, 0x0, 0xf8, 0x3d,
    0x0, 0x1f, 0x43, 0xf0, 0x2, 0xf0, 0x1f, 0x0,
    0x3e, 0x0, 0xf4, 0x3, 0xd0, 0xf, 0xc0, 0xbc,
    0x0, 0x7c, 0xf, 0x80, 0x3, 0xd0, 0xf4, 0x0,
    0x3e, 0x2f, 0x0, 0x1, 0xf3, 0xe0, 0x0, 0xf,
    0x7c, 0x0, 0x0, 0xbf, 0xc0, 0x0, 0x7, 0xf8,
    0x0, 0x0, 0x3f, 0x0, 0x0,

    /* U+0057 "W" */
    0xfc, 0x0, 0x7e, 0x0, 0x2f, 0x2f, 0x0, 0x2f,
    0xc0, 0xf, 0x83, 0xd0, 0xf, 0xf0, 0x3, 0xd0,
    0xf8, 0x3, 0xfd, 0x1, 0xf0, 0x2f, 0x1, 0xeb,
    0x80, 0xbc, 0x7, 0xc0, 0xb5, 0xf0, 0x3e, 0x0,
    0xf4, 0x3c, 0x3c, 0xf, 0x40, 0x3e, 0xf, 0xf,
    0x47, 0xc0, 0xb, 0xc7, 0x81, 0xe2, 0xe0, 0x1,
    0xf2, 0xd0, 0x3c, 0xf4, 0x0, 0x3d, 0xf0, 0xf,
    0x7c, 0x0, 0xb, 0xfc, 0x2, 0xff, 0x0, 0x1,
    0xfe, 0x0, 0x7f, 0x80, 0x0, 0x3f, 0x40, 0xf,
    0xd0, 0x0, 0xf, 0xc0, 0x3, 0xf0, 0x0,

    /* U+0058 "X" */
    0x3e, 0x0, 0x3f, 0xb, 0xc0, 0x1f, 0x40, 0xf8,
    0xf, 0x80, 0x1f, 0x4b, 0xc0, 0x2, 0xf3, 0xd0,
    0x0, 0x3f, 0xf0, 0x0, 0xb, 0xf0, 0x0, 0x1,
    0xfc, 0x0, 0x0, 0xff, 0x80, 0x0, 0x7e, 0xf0,
    0x0, 0x3e, 0x3f, 0x0, 0x2f, 0x7, 0xd0, 0x1f,
    0x40, 0xfc, 0xf, 0xc0, 0xf, 0x8b, 0xc0, 0x2,
    0xf4,

    /* U+0059 "Y" */
    0xbc, 0x0, 0x2f, 0xf, 0x40, 0xf, 0x82, 0xf0,
    0xb, 0xc0, 0x3e, 0x3, 0xe0, 0xb, 0xc2, 0xf0,
    0x0, 0xf8, 0xf4, 0x0, 0x2f, 0xbc, 0x0, 0x3,
    0xfd, 0x0, 0x0, 0x7f, 0x0, 0x0, 0xf, 0x40,
    0x0, 0x3, 0xd0, 0x0, 0x0, 0xf4, 0x0, 0x0,
    0x3d, 0x0, 0x0, 0xf, 0x40, 0x0, 0x3, 0xd0,
    0x0,

    /* U+005A "Z" */
    0x3f, 0xff, 0xfc, 0x3f, 0xff, 0xfc, 0x0, 0x2,
    0xf4, 0x0, 0x3, 0xe0, 0x0, 0xf, 0xc0, 0x0,
    0x1f, 0x40, 0x0, 0x3e, 0x0, 0x0, 0xfc, 0x0,
    0x2, 0xf4, 0x0, 0x3, 0xe0, 0x0, 0xf, 0xc0,
    0x0, 0x2f, 0x40, 0x0, 0x3e, 0x0, 0x0, 0xbf,
    0xff, 0xfc, 0xbf, 0xff, 0xfc,

    /* U+005B "[" */
    0xbf, 0xcb, 0xfc, 0xb8, 0xb, 0x80, 0xb8, 0xb,
    0x80, 0xb8, 0xb, 0x80, 0xb8, 0xb, 0x80, 0xb8,
    0xb, 0x80, 0xb8, 0xb, 0x80, 0xb8, 0xb, 0x80,
    0xb8, 0xb, 0xfc, 0xbf, 0xc0,

    /* U+005C "\\" */
    0xb8, 0x0, 0x3c, 0x0, 0x3d, 0x0, 0x1e, 0x0,
    0xf, 0x0, 0xf, 0x40, 0x7, 0x80, 0x3, 0xc0,
    0x2, 0xd0, 0x1, 0xf0, 0x0, 0xf0, 0x0, 0xb4,
    0x0, 0x7c, 0x0, 0x3c, 0x0, 0x2e,

    /* U+005D "]" */
    0x3f, 0xe3, 0xfe, 0x2, 0xe0, 0x2e, 0x2, 0xe0,
    0x2e, 0x2, 0xe0, 0x2e, 0x2, 0xe0, 0x2e, 0x2,
    0xe0, 0x2e, 0x2, 0xe0, 0x2e, 0x2, 0xe0, 0x2e,
    0x2, 0xe3, 0xfe, 0x3f, 0xe0,

    /* U+005E "^" */
    0x0, 0x90, 0x0, 0x2f, 0x40, 0x3, 0xfc, 0x0,
    0xb6, 0xd0, 0xf, 0xf, 0x3, 0xd0, 0xb8, 0x7c,
    0x3, 0xc0,

    /* U+005F "_" */
    0xff, 0xff, 0xf0, 0x0, 0x0, 0x0,

    /* U+0060 "`" */
    0x3e, 0x0, 0xf0, 0x3, 0xc0,

    /* U+0061 "a" */
    0xb, 0xfe, 0x3, 0xfa, 0xfc, 0x7c, 0x3, 0xc1,
    0x0, 0x3d, 0xb, 0xff, 0xd7, 0xf9, 0x7d, 0xf8,
    0x3, 0xdf, 0x40, 0x3d, 0xf8, 0xf, 0xd7, 0xfb,
    0xfd, 0x1f, 0xe3, 0xd0,

    /* U+0062 "b" */
    0x7c, 0x0, 0x1, 0xf0, 0x0, 0x7, 0xc0, 0x0,
    0x1f, 0x0, 0x0, 0x7c, 0xbf, 0x41, 0xff, 0xff,
    0x47, 0xf0, 0x2f, 0x1f, 0x0, 0x3d, 0x7c, 0x0,
    0xf9, 0xf0, 0x3, 0xe7, 0xc0, 0xf, 0x9f, 0x0,
    0x3d, 0x7f, 0x3, 0xf1, 0xff, 0xff, 0x47, 0xcb,
    0xf4, 0x0,

    /* U+0063 "c" */
    0x7, 0xfe, 0x2, 0xff, 0xfc, 0x7d, 0x7, 0xdb,
    0xc0, 0x2e, 0xf8, 0x0, 0xf, 0x40, 0x0, 0xf8,
    0x0, 0xb, 0xc0, 0x2e, 0x7d, 0x3, 0xd2, 0xff,
    0xfc, 0x7, 0xfe, 0x0,

    /* U+0064 "d" */
    0x0, 0x1, 0xf0, 0x0, 0x1f, 0x0, 0x1, 0xf0,
    0x0, 0x1f, 0xb, 0xf5, 0xf3, 0xff, 0xff, 0x7d,
    0x7, 0xfb, 0xc0, 0x2f, 0xf8, 0x1, 0xff, 0x40,
    0x1f, 0xf8, 0x1, 0xfb, 0x80, 0x1f, 0x7d, 0x7,
    0xf3, 0xff, 0xff, 0xb, 0xf5, 0xf0,

    /* U+0065 "e" */
    0x7, 0xfd, 0x2, 0xff, 0xf8, 0x7c, 0x3, 0xdb,
    0x80, 0x2e, 0xff, 0xff, 0xff, 0xaa, 0xa9, 0xf4,
    0x0, 0xb, 0x80, 0x1e, 0x7d, 0x3, 0xe2, 0xff,
    0xfc, 0x7, 0xfe, 0x0,

    /* U+0066 "f" */
    0x2, 0xf8, 0x2f, 0xe0, 0xf8, 0x3, 0xd0, 0xbf,
    0xfa, 0xff, 0xe0, 0xf4, 0x3, 0xd0, 0xf, 0x40,
    0x3d, 0x0, 0xf4, 0x3, 0xd0, 0xf, 0x40, 0x3d,
    0x0, 0xf4, 0x0,

    /* U+0067 "g" */
    0x0, 0x0, 0x68, 0x0, 0x7, 0xe0, 0x2f, 0xf8,
    0x3, 0xeb, 0xf0, 0x2e, 0x3, 0xd0, 0xf4, 0xb,
    0x83, 0xd0, 0x2e, 0x7, 0xc1, 0xf0, 0xb, 0xff,
    0x40, 0x79, 0x90, 0x3, 0xc0, 0x0, 0xb, 0xff,
    0xe0, 0xf, 0xff, 0xf4, 0xf4, 0x3, 0xe7, 0xc0,
    0xb, 0x8f, 0xea, 0xfc, 0xb, 0xff, 0x80,

    /* U+0068 "h" */
    0x7c, 0x0, 0x7, 0xc0, 0x0, 0x7c, 0x0, 0x7,
    0xc0, 0x0, 0x7c, 0xbf, 0x47, 0xff, 0xfd, 0x7f,
    0x43, 0xe7, 0xc0, 0x2f, 0x7c, 0x1, 0xf7, 0xc0,
    0x1f, 0x7c, 0x1, 0xf7, 0xc0, 0x1f, 0x7c, 0x1,
    0xf7, 0xc0, 0x1f, 0x7c, 0x1, 0xf0,

    /* U+0069 "i" */
    0x7c, 0xbc, 0x14, 0x0, 0x7c, 0x7c, 0x7c, 0x7c,
    0x7c, 0x7c, 0x7c, 0x7c, 0x7c, 0x7c, 0x7c,

    /* U+006A "j" */
    0x7, 0xc0, 0xbc, 0x1, 0x40, 0x0, 0x7, 0xc0,
    0x7c, 0x7, 0xc0, 0x7c, 0x7, 0xc0, 0x7c, 0x7,
    0xc0, 0x7c, 0x7, 0xc0, 0x7c, 0x7, 0xc0, 0x7c,
    0xb, 0xc7, 0xf4, 0x7e, 0x0,

    /* U+006B "k" */
    0x7c, 0x0, 0x1, 0xf0, 0x0, 0x7, 0xc0, 0x0,
    0x1f, 0x0, 0x0, 0x7c, 0x3, 0xe1, 0xf0, 0x3e,
    0x7, 0xc3, 0xf0, 0x1f, 0x2f, 0x0, 0x7e, 0xf0,
    0x1, 0xff, 0xc0, 0x7, 0xcf, 0x80, 0x1f, 0xf,
    0x40, 0x7c, 0x1f, 0x41, 0xf0, 0x2f, 0x7, 0xc0,
    0x3f, 0x0,

    /* U+006C "l" */
    0x7c, 0x1f, 0x7, 0xc1, 0xf0, 0x7c, 0x1f, 0x7,
    0xc1, 0xf0, 0x7c, 0x1f, 0x7, 0xc1, 0xf0, 0x7c,
    0xf, 0xe1, 0xfc,

    /* U+006D "m" */
    0x7c, 0xbf, 0x42, 0xfd, 0x1f, 0xff, 0xfb, 0xff,
    0xc7, 0xf0, 0x3f, 0x80, 0xf5, 0xf0, 0xb, 0xc0,
    0x3e, 0x7c, 0x2, 0xf0, 0xb, 0x9f, 0x0, 0xbc,
    0x2, 0xe7, 0xc0, 0x2f, 0x0, 0xb9, 0xf0, 0xb,
    0xc0, 0x2e, 0x7c, 0x2, 0xf0, 0xb, 0x9f, 0x0,
    0xbc, 0x2, 0xe7, 0xc0, 0x2f, 0x0, 0xb8,

    /* U+006E "n" */
    0x7c, 0xbf, 0x47, 0xff, 0xfd, 0x7f, 0x3, 0xe7,
    0xc0, 0x1f, 0x7c, 0x1, 0xf7, 0xc0, 0x1f, 0x7c,
    0x1, 0xf7, 0xc0, 0x1f, 0x7c, 0x1, 0xf7, 0xc0,
    0x1f, 0x7c, 0x1, 0xf0,

    /* U+006F "o" */
    0x7, 0xfe, 0x0, 0xbf, 0xff, 0x7, 0xd0, 0x3e,
    0x2f, 0x0, 0x7c, 0xf8, 0x0, 0xf3, 0xd0, 0x3,
    0xdf, 0x80, 0xf, 0x2f, 0x0, 0x7c, 0x7d, 0x3,
    0xe0, 0xbf, 0xff, 0x0, 0x7f, 0xe0, 0x0,

    /* U+0070 "p" */
    0x7c, 0xbf, 0x41, 0xff, 0xbf, 0x47, 0xf0, 0x2f,
    0x1f, 0x0, 0x3d, 0x7c, 0x0, 0xf9, 0xf0, 0x3,
    0xe7, 0xc0, 0xf, 0x9f, 0x0, 0x3d, 0x7f, 0x3,
    0xf1, 0xff, 0xff, 0x47, 0xcb, 0xf4, 0x1f, 0x0,
    0x0, 0x7c, 0x0, 0x1, 0xf0, 0x0, 0x7, 0xc0,
    0x0, 0x0,

    /* U+0071 "q" */
    0xb, 0xf5, 0xf3, 0xff, 0xff, 0x7d, 0x7, 0xfb,
    0x80, 0x2f, 0xf4, 0x1, 0xff, 0x40, 0x1f, 0xf4,
    0x1, 0xfb, 0x80, 0x1f, 0x7d, 0x7, 0xf3, 0xff,
    0xef, 0xb, 0xf5, 0xf0, 0x0, 0x1f, 0x0, 0x1,
    0xf0, 0x0, 0x1f, 0x0, 0x1, 0xf0,

    /* U+0072 "r" */
    0x7c, 0xb5, 0xff, 0xd7, 0xf0, 0x1f, 0x0, 0x7c,
    0x1, 0xf0, 0x7, 0xc0, 0x1f, 0x0, 0x7c, 0x1,
    0xf0, 0x7, 0xc0, 0x0,

    /* U+0073 "s" */
    0xb, 0xf8, 0x1f, 0xef, 0xcb, 0x80, 0xfa, 0xf0,
    0x5, 0x3f, 0xe4, 0x2, 0xff, 0xc0, 0x6, 0xfa,
    0x80, 0x1f, 0xf8, 0xb, 0xdf, 0xef, 0xd0, 0xbf,
    0x90,

    /* U+0074 "t" */
    0x6, 0x0, 0x3d, 0x0, 0xf4, 0x2f, 0xff, 0xbf,
    0xf8, 0x3d, 0x0, 0xf4, 0x3, 0xd0, 0xf, 0x40,
    0x3d, 0x0, 0xf4, 0x3, 0xe0, 0xb, 0xf8, 0xb,
    0xf0,

    /* U+0075 "u" */
    0x7c, 0x1, 0xf7, 0xc0, 0x1f, 0x7c, 0x1, 0xf7,
    0xc0, 0x1f, 0x7c, 0x1, 0xf7, 0xc0, 0x1f, 0x7c,
    0x1, 0xf7, 0xc0, 0x2f, 0x7d, 0xb, 0xf3, 0xff,
    0xef, 0xf, 0xe1, 0xf0,

    /* U+0076 "v" */
    0xf8, 0x0, 0xf1, 0xf0, 0x7, 0xc3, 0xc0, 0x3e,
    0xf, 0x80, 0xf0, 0x1f, 0x7, 0xc0, 0x3c, 0x3d,
    0x0, 0xb8, 0xf0, 0x1, 0xf7, 0xc0, 0x3, 0xfd,
    0x0, 0xb, 0xf0, 0x0, 0x1f, 0x80, 0x0,

    /* U+0077 "w" */
    0xf8, 0x3, 0xe0, 0xf, 0x1f, 0x1, 0xfc, 0x7,
    0xc3, 0xc0, 0xbf, 0x2, 0xd0, 0xf4, 0x3e, 0xd0,
    0xf0, 0x2e, 0x1e, 0x78, 0x3c, 0x7, 0xcb, 0x4f,
    0x1e, 0x0, 0xf3, 0xc3, 0xdf, 0x40, 0x2e, 0xf0,
    0x7b, 0xc0, 0x7, 0xf8, 0xf, 0xe0, 0x0, 0xfc,
    0x3, 0xf4, 0x0, 0x2f, 0x0, 0xbc, 0x0,

    /* U+0078 "x" */
    0x7c, 0x3, 0xe0, 0xbc, 0x1f, 0x0, 0xf4, 0xf4,
    0x1, 0xfb, 0x80, 0x2, 0xfc, 0x0, 0x7, 0xe0,
    0x0, 0x3f, 0xd0, 0x2, 0xe7, 0xc0, 0x1f, 0xf,
    0x80, 0xf4, 0xf, 0x4b, 0xc0, 0x2f, 0x0,

    /* U+0079 "y" */
    0xf8, 0x0, 0xf1, 0xf0, 0x7, 0xc3, 0xd0, 0x2e,
    0xb, 0x80, 0xf0, 0x1f, 0x7, 0xc0, 0x3d, 0x2d,
    0x0, 0xb8, 0xf0, 0x0, 0xf7, 0xc0, 0x3, 0xfd,
    0x0, 0x7, 0xf0, 0x0, 0xf, 0x80, 0x0, 0x3d,
    0x0, 0x2, 0xf0, 0x0, 0xff, 0x40, 0x3, 0xf8,
    0x0, 0x0,

    /* U+007A "z" */
    0x3f, 0xff, 0xc2, 0xff, 0xfc, 0x0, 0x1f, 0x40,
    0x3, 0xe0, 0x0, 0xfc, 0x0, 0x2f, 0x0, 0x7,
    0xd0, 0x0, 0xf8, 0x0, 0x2f, 0x0, 0x3, 0xff,
    0xfc, 0x3f, 0xff, 0xc0,

    /* U+007B "{" */
    0x2, 0xf0, 0x2f, 0xc0, 0xf4, 0x3, 0xd0, 0xf,
    0x40, 0x3d, 0x0, 0xf4, 0x3, 0xc0, 0x2f, 0x3,
    0xf4, 0xf, 0xe0, 0x7, 0xc0, 0xf, 0x40, 0x3d,
    0x0, 0xf4, 0x3, 0xd0, 0xf, 0x40, 0x2f, 0xc0,
    0x2f, 0x0,

    /* U+007C "|" */
    0xff, 0xff, 0xff, 0xff, 0xff, 0xff, 0xff, 0xff,
    0xff, 0xf0,

    /* U+007D "}" */
    0x3e, 0x0, 0xfe, 0x0, 0xbc, 0x1, 0xf0, 0x7,
    0xc0, 0x1f, 0x0, 0x7c, 0x1, 0xf0, 0x3, 0xd0,
    0x7, 0xf0, 0x2f, 0xc0, 0xf4, 0x7, 0xc0, 0x1f,
    0x0, 0x7c, 0x1, 0xf0, 0xb, 0xc0, 0xfe, 0x3,
    0xe0, 0x0,

    /* U+007E "~" */
    0xf, 0xd0, 0x2d, 0x3f, 0xf8, 0x3c, 0x7c, 0x7f,
    0xf8, 0xb4, 0xb, 0xe0,

    /* U+00A0 " " */

    /* U+00A1 "¡" */
    0x3d, 0x7f, 0x3e, 0x0, 0x0, 0x2c, 0x2c, 0x3c,
    0x3d, 0x3d, 0x3d, 0x3d, 0x3d, 0x3d, 0x3d,

    /* U+00A2 "¢" */
    0x0, 0xa0, 0x0, 0xa, 0x0, 0x7, 0xfe, 0x2,
    0xff, 0xfc, 0x7d, 0xa7, 0xdb, 0x8a, 0x2e, 0xf4,
    0xa0, 0xf, 0x4a, 0x0, 0xf4, 0xa0, 0xb, 0x8a,
    0x2e, 0x7d, 0xa7, 0xd2, 0xff, 0xfc, 0x7, 0xfd,
    0x0, 0xa, 0x0, 0x0, 0xa0, 0x0,

    /* U+00A3 "£" */
    0x1, 0xff, 0x80, 0x2f, 0xff, 0xc0, 0xf8, 0x1f,
    0x47, 0xc0, 0x2f, 0x1f, 0x0, 0x28, 0x3c, 0x0,
    0x0, 0xf8, 0x0, 0x1, 0xf0, 0x0, 0x7f, 0xff,
    0xd0, 0x5b, 0xd5, 0x0, 0x2e, 0x0, 0x0, 0xf4,
    0x0, 0xb, 0xc0, 0x0, 0xff, 0xff, 0xf3, 0xff,
    0xff, 0xc0,

    /* U+00A4 "¤" */
    0x4, 0x0, 0x10, 0xf6, 0xf6, 0xe1, 0xff, 0xff,
    0x3, 0xe0, 0xb8, 0xe, 0x0, 0xf0, 0x78, 0x3,
    0xc0, 0xe0, 0xf, 0x3, 0xd0, 0xb8, 0xf, 0xff,
    0xf0, 0xfa, 0xfa, 0xe0, 0x40, 0x2, 0x0,

    /* U+00A5 "¥" */
    0x7c, 0x0, 0x7c, 0x3e, 0x0, 0xf8, 0x2f, 0x0,
    0xf4, 0xf, 0x42, 0xf0, 0xb, 0xc3, 0xd0, 0x3,
    0xdb, 0xc0, 0x2, 0xff, 0x40, 0x0, 0xff, 0x0,
    0x2f, 0xff, 0xf4, 0x5, 0xbd, 0x50, 0x0, 0x7c,
    0x0, 0x2f, 0xff, 0xf4, 0x5, 0xbd, 0x50, 0x0,
    0x7c, 0x0, 0x0, 0x7c, 0x0,

    /* U+00A6 "¦" */
    0xff, 0xff, 0xff, 0xf5, 0x0, 0x5, 0xff, 0xff,
    0xff, 0xf0,

    /* U+00A7 "§" */
    0x1f, 0xf8, 0x1f, 0xaf, 0xcb, 0x80, 0xf2, 0xf4,
    0x4, 0x3f, 0xe4, 0xb, 0xff, 0xc7, 0x81, 0xf6,
    0xe0, 0x2e, 0x7f, 0x5f, 0x4b, 0xff, 0x80, 0x1b,
    0xf5, 0x40, 0x3e, 0xf4, 0xf, 0x9f, 0xaf, 0xc1,
    0xff, 0x80,

    /* U+00A8 "¨" */
    0x0, 0x0, 0x3c, 0x3c, 0x3c, 0x3c,

    /* U+00A9 "©" */
    0x0, 0x1f, 0xf8, 0x0, 0x1, 0xff, 0xbf, 0x80,
    0x7, 0xd0, 0x3, 0xe0, 0xf, 0xb, 0xf4, 0xb8,
    0x2d, 0x2f, 0xbd, 0x3c, 0x3c, 0x38, 0xf, 0x1d,
    0x38, 0x74, 0x0, 0xe, 0x38, 0x74, 0x0, 0xe,
    0x38, 0x74, 0xa, 0xe, 0x3c, 0x3c, 0x1e, 0x1d,
    0x2d, 0x1f, 0xfc, 0x3c, 0xf, 0x2, 0x90, 0xb8,
    0x7, 0xd0, 0x2, 0xe0, 0x1, 0xff, 0xbf, 0x80,
    0x0, 0x1f, 0xf8, 0x0,

    /* U+00AA "ª" */
    0x0, 0x0, 0x2, 0xff, 0x42, 0xf5, 0xf0, 0x50,
    0x2d, 0xb, 0xff, 0x4f, 0x82, 0xd3, 0xc0, 0xb4,
    0xf4, 0xbd, 0x1f, 0xfb, 0x40, 0x40, 0x40,

    /* U+00AB "«" */
    0x0, 0x0, 0x0, 0xa0, 0xa0, 0xf4, 0xf4, 0xf4,
    0xf4, 0x3c, 0x3c, 0xb, 0xcb, 0xc0, 0x78, 0x78,
    0x5, 0x6, 0x0, 0x0, 0x0,

    /* U+00AC "¬" */
    0xff, 0xff, 0xff, 0xff, 0xff, 0x0, 0x0, 0xe0,
    0x0, 0xe, 0x0, 0x0, 0xe0, 0x0, 0xe, 0x0,
    0x0, 0xe0,

    /* U+00AD "­" */
    0x0, 0x0, 0xff, 0xe3, 0xff, 0x80,

    /* U+00AE "®" */
    0xb, 0xe0, 0xd, 0x7, 0x9, 0x7d, 0x73, 0x1f,
    0x4c, 0xc6, 0x63, 0x25, 0x49, 0xc3, 0x41, 0xc0,
    0x2f, 0x80,

    /* U+00AF "¯" */
    0xaa, 0xa3, 0xff, 0xc0,

    /* U+00B0 "°" */
    0xb, 0xe0, 0x2f, 0xfc, 0x38, 0x2d, 0x74, 0xe,
    0x38, 0x2d, 0x2f, 0xfc, 0xb, 0xe0,

    /* U+00B1 "±" */
    0x0, 0xf0, 0x0, 0xf, 0x0, 0x0, 0xf0, 0xf,
    0xff, 0xfe, 0xff, 0xff, 0xe0, 0xf, 0x0, 0x0,
    0xf0, 0x0, 0xa, 0x0, 0xff, 0xff, 0xef, 0xff,
    0xfe,

    /* U+00B2 "²" */
    0x1f, 0xe0, 0x3e, 0xbc, 0x74, 0x3c, 0x0, 0x38,
    0x1, 0xe0, 0xb, 0x80, 0x3e, 0x54, 0x7f, 0xfc,

    /* U+00B3 "³" */
    0x1f, 0xe0, 0x3d, 0x7c, 0x10, 0x38, 0x3, 0xf0,
    0x0, 0x7c, 0x60, 0x2c, 0x3d, 0x7c, 0x1f, 0xe0,

    /* U+00B4 "´" */
    0x7, 0xc0, 0xf0, 0x3c, 0x0,

    /* U+00B5 "µ" */
    0x7c, 0x1, 0xf7, 0xc0, 0x1f, 0x7c, 0x1, 0xf7,
    0xc0, 0x1f, 0x7c, 0x1, 0xf7, 0xc0, 0x1f, 0x7c,
    0x1, 0xf7, 0xc0, 0x1f, 0x7d, 0x7, 0xf7, 0xff,
    0xff, 0x7f, 0xf5, 0xf7, 0xc0, 0x0, 0x7c, 0x0,
    0x7, 0xc0, 0x0, 0x7c, 0x0, 0x0,

    /* U+00B6 "¶" */
    0x7, 0xff, 0xfd, 0x1f, 0xff, 0xfd, 0x3f, 0xfd,
    0x2d, 0x3f, 0xfd, 0x2d, 0x3f, 0xfd, 0x2d, 0x3f,
    0xfd, 0x2d, 0x1f, 0xfd, 0x2d, 0x7, 0xfd, 0x2d,
    0x0, 0x2d, 0x2d, 0x0, 0x2d, 0x2d, 0x0, 0x2d,
    0x2d, 0x0, 0x2d, 0x2d, 0x0, 0x2d, 0x2d, 0x0,
    0x2d, 0x2d, 0x0, 0x2d, 0x2d, 0x0, 0x2d, 0x2d,
    0x0, 0x2d, 0x2d,

    /* U+00B7 "·" */
    0x0, 0x3e, 0x7f, 0x3d,

    /* U+00B8 "¸" */
    0x0, 0x7, 0x1, 0xf0, 0xd, 0xff, 0x0, 0x0,

    /* U+00B9 "¹" */
    0xb, 0x5f, 0xda, 0x74, 0x1d, 0x7, 0x41, 0xd0,
    0x74, 0x1d,

    /* U+00BA "º" */
    0x1, 0xa4, 0x0, 0xff, 0xf0, 0x2e, 0xb, 0x83,
    0xc0, 0x3c, 0x3c, 0x3, 0xc3, 0xc0, 0x3c, 0x3d,
    0x7, 0xc1, 0xfa, 0xf4, 0x7, 0xfd, 0x0,

    /* U+00BB "»" */
    0x0, 0x0, 0xd, 0xd, 0x3, 0xd3, 0xd0, 0x3d,
    0x3d, 0x7, 0x87, 0x87, 0xc7, 0xc3, 0xc3, 0xc0,
    0x80, 0x80, 0x0, 0x0, 0x0,

    /* U+00BC "¼" */
    0x7, 0x40, 0x2, 0x80, 0x2f, 0x80, 0xb, 0x0,
    0xbf, 0x80, 0xe, 0x0, 0x53, 0x80, 0x2c, 0x0,
    0x3, 0x80, 0x74, 0x0, 0x3, 0x80, 0xf0, 0x0,
    0x3, 0x81, 0xd0, 0x64, 0x3, 0x83, 0x80, 0xf4,
    0x3, 0x8b, 0x3, 0xf4, 0x0, 0xe, 0xb, 0x74,
    0x0, 0x3c, 0x1c, 0x34, 0x0, 0x74, 0x38, 0x78,
    0x0, 0xf0, 0x7f, 0xfe, 0x2, 0xc0, 0x15, 0xb8,
    0x3, 0x80, 0x0, 0x74,

    /* U+00BD "½" */
    0x7, 0x40, 0x2, 0x80, 0xb, 0xe0, 0x1, 0xd0,
    0xb, 0xb8, 0x0, 0xe0, 0x0, 0xe, 0x0, 0xb0,
    0x0, 0x3, 0x80, 0x38, 0x0, 0x0, 0xe0, 0x3c,
    0x0, 0x0, 0x38, 0x1d, 0x2f, 0xd0, 0xe, 0xf,
    0x2e, 0xbc, 0x3, 0x8b, 0x4f, 0x7, 0x40, 0x3,
    0x80, 0x2, 0xd0, 0x2, 0xc0, 0x1, 0xf0, 0x0,
    0xe0, 0x1, 0xf0, 0x0, 0xf0, 0x2, 0xe0, 0x0,
    0x74, 0x2, 0xfa, 0x90, 0x3c, 0x0, 0xff, 0xf8,

    /* U+00BE "¾" */
    0x0, 0x0, 0x0, 0x0, 0x7, 0xfc, 0x0, 0x3c,
    0x3, 0xd7, 0x80, 0x1d, 0x0, 0xd0, 0xb0, 0xf,
    0x0, 0x0, 0x78, 0x7, 0x40, 0x0, 0xfc, 0x3,
    0x80, 0x0, 0x7, 0xc2, 0xc0, 0x0, 0x80, 0xb0,
    0xe0, 0x24, 0x78, 0x3c, 0xb0, 0x3f, 0xb, 0xfd,
    0x74, 0x2f, 0xc0, 0x14, 0x3c, 0x1d, 0xf0, 0x0,
    0x1d, 0xe, 0x3c, 0x0, 0xf, 0xf, 0xf, 0x0,
    0xb, 0x3, 0xff, 0xf0, 0x3, 0x80, 0x55, 0xf4,
    0x2, 0xc0, 0x0, 0x3c,

    /* U+00BF "¿" */
    0x0, 0x78, 0x0, 0x3, 0xf0, 0x0, 0xb, 0xc0,
    0x0, 0x0, 0x0, 0x0, 0x0, 0x0, 0x1, 0xf0,
    0x0, 0xf, 0x80, 0x0, 0xfc, 0x0, 0xf, 0xd0,
    0x0, 0xfc, 0x0, 0x3, 0xd0, 0x5, 0xf, 0x40,
    0x3d, 0x3f, 0x2, 0xf0, 0x7f, 0xff, 0x40, 0x2f,
    0xe4, 0x0,

    /* U+00C0 "À" */
    0x1, 0xf0, 0x0, 0x0, 0x7, 0x80, 0x0, 0x0,
    0x1d, 0x0, 0x0, 0x0, 0x0, 0x0, 0x0, 0x3f,
    0x0, 0x0, 0x3, 0xf4, 0x0, 0x0, 0xbf, 0xc0,
    0x0, 0xf, 0x7c, 0x0, 0x0, 0xf2, 0xe0, 0x0,
    0x2e, 0x1f, 0x0, 0x3, 0xd0, 0xf4, 0x0, 0x7c,
    0xb, 0x80, 0xb, 0x80, 0x7c, 0x0, 0xff, 0xff,
    0xd0, 0x1f, 0xff, 0xfe, 0x2, 0xf0, 0x1, 0xf0,
    0x3d, 0x0, 0xf, 0x47, 0xc0, 0x0, 0xf8, 0xfc,
    0x0, 0x7, 0xc0,

    /* U+00C1 "Á" */
    0x0, 0x3, 0xe0, 0x0, 0x0, 0x78, 0x0, 0x0,
    0xe, 0x0, 0x0, 0x0, 0x0, 0x0, 0x0, 0x3f,
    0x0, 0x0, 0x3, 0xf4, 0x0, 0x0, 0xbf, 0xc0,
    0x0, 0xf, 0x7c, 0x0, 0x0, 0xf2, 0xe0, 0x0,
    0x2e, 0x1f, 0x0, 0x3, 0xd0, 0xf4, 0x0, 0x7c,
    0xb, 0x80, 0xb, 0x80, 0x7c, 0x0, 0xff, 0xff,
    0xd0, 0x1f, 0xff, 0xfe, 0x2, 0xf0, 0x1, 0xf0,
    0x3d, 0x0, 0xf, 0x47, 0xc0, 0x0, 0xf8, 0xfc,
    0x0, 0x7, 0xc0,

    /* U+00C2 "Â" */
    0x0, 0x3f, 0x0, 0x0, 0xb, 0xbc, 0x0, 0x1,
    0xe1, 0xe0, 0x0, 0x0, 0x0, 0x0, 0x0, 0x3f,
    0x0, 0x0, 0x3, 0xf4, 0x0, 0x0, 0xbf, 0xc0,
    0x0, 0xf, 0x7c, 0x0, 0x0, 0xf2, 0xe0, 0x0,
    0x2e, 0x1f, 0x0, 0x3, 0xd0, 0xf4, 0x0, 0x7c,
    0xb, 0x80, 0xb, 0x80, 0x7c, 0x0, 0xff, 0xff,
    0xd0, 0x1f, 0xff, 0xfe, 0x2, 0xf0, 0x1, 0xf0,
    0x3d, 0x0, 0xf, 0x47, 0xc0, 0x0, 0xf8, 0xfc,
    0x0, 0x7, 0xc0,

    /* U+00C3 "Ã" */
    0x0, 0x0, 0x0, 0x0, 0xf, 0xdb, 0x0, 0x2,
    0xdf, 0xe0, 0x0, 0x0, 0x4, 0x0, 0x0, 0x0,
    0x0, 0x0, 0x3, 0xf0, 0x0, 0x0, 0x3f, 0x40,
    0x0, 0xb, 0xfc, 0x0, 0x0, 0xf7, 0xc0, 0x0,
    0xf, 0x2e, 0x0, 0x2, 0xe1, 0xf0, 0x0, 0x3d,
    0xf, 0x40, 0x7, 0xc0, 0xb8, 0x0, 0xb8, 0x7,
    0xc0, 0xf, 0xff, 0xfd, 0x1, 0xff, 0xff, 0xe0,
    0x2f, 0x0, 0x1f, 0x3, 0xd0, 0x0, 0xf4, 0x7c,
    0x0, 0xf, 0x8f, 0xc0, 0x0, 0x7c,

    /* U+00C4 "Ä" */
    0x1, 0xe1, 0xe0, 0x0, 0x1e, 0x1e, 0x0, 0x0,
    0x40, 0x40, 0x0, 0x0, 0x0, 0x0, 0x0, 0x3f,
    0x0, 0x0, 0x3, 0xf4, 0x0, 0x0, 0xbf, 0xc0,
    0x0, 0xf, 0x7c, 0x0, 0x0, 0xf2, 0xe0, 0x0,
    0x2e, 0x1f, 0x0, 0x3, 0xd0, 0xf4, 0x0, 0x7c,
    0xb, 0x80, 0xb, 0x80, 0x7c, 0x0, 0xff, 0xff,
    0xd0, 0x1f, 0xff, 0xfe, 0x2, 0xf0, 0x1, 0xf0,
    0x3d, 0x0, 0xf, 0x47, 0xc0, 0x0, 0xf8, 0xfc,
    0x0, 0x7, 0xc0,

    /* U+00C5 "Å" */
    0x0, 0x2f, 0x0, 0x0, 0x7, 0x28, 0x0, 0x0,
    0xa1, 0xc0, 0x0, 0x7, 0x28, 0x0, 0x0, 0x2f,
    0x0, 0x0, 0x3, 0xf0, 0x0, 0x0, 0x3f, 0x40,
    0x0, 0xb, 0xfc, 0x0, 0x0, 0xf7, 0xc0, 0x0,
    0xf, 0x2e, 0x0, 0x2, 0xe1, 0xf0, 0x0, 0x3d,
    0xf, 0x40, 0x7, 0xc0, 0xb8, 0x0, 0xb8, 0x7,
    0xc0, 0xf, 0xff, 0xfd, 0x1, 0xff, 0xff, 0xe0,
    0x2f, 0x0, 0x1f, 0x3, 0xd0, 0x0, 0xf4, 0x7c,
    0x0, 0xf, 0x8f, 0xc0, 0x0, 0x7c,

    /* U+00C6 "Æ" */
    0x0, 0x0, 0x2f, 0xff, 0xff, 0x80, 0x0, 0xf,
    0xff, 0xff, 0xe0, 0x0, 0xf, 0xfe, 0x0, 0x0,
    0x0, 0x7, 0xcf, 0x80, 0x0, 0x0, 0x3, 0xe3,
    0xe0, 0x0, 0x0, 0x2, 0xf0, 0xf8, 0x0, 0x0,
    0x0, 0xf4, 0x3f, 0xff, 0xf0, 0x0, 0xfc, 0xf,
    0xff, 0xfc, 0x0, 0x7c, 0x3, 0xe0, 0x0, 0x0,
    0x3f, 0xff, 0xf8, 0x0, 0x0, 0x2f, 0xff, 0xfe,
    0x0, 0x0, 0x1f, 0x80, 0xf, 0x80, 0x0, 0xf,
    0xc0, 0x3, 0xe0, 0x0, 0x7, 0xd0, 0x0, 0xff,
    0xff, 0xe3, 0xe0, 0x0, 0x3f, 0xff, 0xf8,

    /* U+00C7 "Ç" */
    0x0, 0xbf, 0xe0, 0x0, 0x7f, 0xff, 0xe0, 0x1f,
    0xd0, 0x7f, 0x43, 0xf0, 0x0, 0xfc, 0x7d, 0x0,
    0x7, 0xcb, 0xc0, 0x0, 0x0, 0xf8, 0x0, 0x0,
    0xf, 0x80, 0x0, 0x0, 0xf8, 0x0, 0x0, 0xb,
    0xc0, 0x0, 0x14, 0x7d, 0x0, 0x7, 0xc3, 0xf0,
    0x0, 0xfc, 0x1f, 0xd0, 0x7f, 0x40, 0x7f, 0xff,
    0xe0, 0x0, 0xbf, 0xe0, 0x0, 0x0, 0xf0, 0x0,
    0x0, 0x6, 0xc0, 0x0, 0x1, 0x2c, 0x0, 0x0,
    0x3f, 0x40, 0x0,

    /* U+00C8 "È" */
    0x7, 0xc0, 0x0, 0x7, 0x80, 0x0, 0xb, 0x40,
    0x0, 0x0, 0x0, 0x3f, 0xff, 0xf4, 0xff, 0xff,
    0xd3, 0xd0, 0x0, 0xf, 0x40, 0x0, 0x3d, 0x0,
    0x0, 0xf4, 0x0, 0x3, 0xff, 0xfe, 0xf, 0xff,
    0xf8, 0x3d, 0x0, 0x0, 0xf4, 0x0, 0x3, 0xd0,
    0x0, 0xf, 0x40, 0x0, 0x3d, 0x0, 0x0, 0xff,
    0xff, 0xd3, 0xff, 0xff, 0x40,

    /* U+00C9 "É" */
    0x0, 0xf, 0x80, 0x0, 0xb8, 0x0, 0x7, 0x80,
    0x0, 0x0, 0x0, 0x3f, 0xff, 0xf4, 0xff, 0xff,
    0xd3, 0xd0, 0x0, 0xf, 0x40, 0x0, 0x3d, 0x0,
    0x0, 0xf4, 0x0, 0x3, 0xff, 0xfe, 0xf, 0xff,
    0xf8, 0x3d, 0x0, 0x0, 0xf4, 0x0, 0x3, 0xd0,
    0x0, 0xf, 0x40, 0x0, 0x3d, 0x0, 0x0, 0xff,
    0xff, 0xd3, 0xff, 0xff, 0x40,

    /* U+00CA "Ê" */
    0x0, 0xfc, 0x0, 0xb, 0xbc, 0x0, 0x74, 0x78,
    0x0, 0x0, 0x0, 0x3f, 0xff, 0xf4, 0xff, 0xff,
    0xd3, 0xd0, 0x0, 0xf, 0x40, 0x0, 0x3d, 0x0,
    0x0, 0xf4, 0x0, 0x3, 0xff, 0xfe, 0xf, 0xff,
    0xf8, 0x3d, 0x0, 0x0, 0xf4, 0x0, 0x3, 0xd0,
    0x0, 0xf, 0x40, 0x0, 0x3d, 0x0, 0x0, 0xff,
    0xff, 0xd3, 0xff, 0xff, 0x40,

    /* U+00CB "Ë" */
    0x7, 0x47, 0x40, 0x1e, 0x2e, 0x0, 0x10, 0x10,
    0x0, 0x0, 0x0, 0x3f, 0xff, 0xf4, 0xff, 0xff,
    0xd3, 0xd0, 0x0, 0xf, 0x40, 0x0, 0x3d, 0x0,
    0x0, 0xf4, 0x0, 0x3, 0xff, 0xfe, 0xf, 0xff,
    0xf8, 0x3d, 0x0, 0x0, 0xf4, 0x0, 0x3, 0xd0,
    0x0, 0xf, 0x40, 0x0, 0x3d, 0x0, 0x0, 0xff,
    0xff, 0xd3, 0xff, 0xff, 0x40,

    /* U+00CC "Ì" */
    0x3d, 0x0, 0xf0, 0x3, 0xc0, 0x0, 0x3, 0xd0,
    0x3d, 0x3, 0xd0, 0x3d, 0x3, 0xd0, 0x3d, 0x3,
    0xd0, 0x3d, 0x3, 0xd0, 0x3d, 0x3, 0xd0, 0x3d,
    0x3, 0xd0, 0x3d, 0x3, 0xd0,

    /* U+00CD "Í" */
    0x7, 0xc0, 0xf0, 0x3c, 0x0, 0x0, 0x3d, 0x3,
    0xd0, 0x3d, 0x3, 0xd0, 0x3d, 0x3, 0xd0, 0x3d,
    0x3, 0xd0, 0x3d, 0x3, 0xd0, 0x3d, 0x3, 0xd0,
    0x3d, 0x3, 0xd0, 0x3d, 0x0,

    /* U+00CE "Î" */
    0x7, 0xe0, 0xf, 0xb4, 0x3c, 0x3c, 0x0, 0x0,
    0x3, 0xd0, 0x3, 0xd0, 0x3, 0xd0, 0x3, 0xd0,
    0x3, 0xd0, 0x3, 0xd0, 0x3, 0xd0, 0x3, 0xd0,
    0x3, 0xd0, 0x3, 0xd0, 0x3, 0xd0, 0x3, 0xd0,
    0x3, 0xd0, 0x3, 0xd0, 0x3, 0xd0,

    /* U+00CF "Ï" */
    0x3c, 0x3c, 0x3c, 0x3c, 0x0, 0x0, 0x0, 0x0,
    0x3, 0xd0, 0x3, 0xd0, 0x3, 0xd0, 0x3, 0xd0,
    0x3, 0xd0, 0x3, 0xd0, 0x3, 0xd0, 0x3, 0xd0,
    0x3, 0xd0, 0x3, 0xd0, 0x3, 0xd0, 0x3, 0xd0,
    0x3, 0xd0, 0x3, 0xd0, 0x3, 0xd0,

    /* U+00D0 "Ð" */
    0xf, 0xff, 0xe4, 0x0, 0x3f, 0xff, 0xf8, 0x0,
    0xf4, 0x7, 0xf8, 0x3, 0xd0, 0x2, 0xf4, 0xf,
    0x40, 0x3, 0xe0, 0x3d, 0x0, 0xb, 0xcf, 0xff,
    0xf0, 0x1f, 0x3f, 0xff, 0xc0, 0x7c, 0xf, 0x40,
    0x1, 0xf0, 0x3d, 0x0, 0xb, 0xc0, 0xf4, 0x0,
    0x3e, 0x3, 0xd0, 0x2, 0xf4, 0xf, 0x40, 0x7f,
    0x80, 0x3f, 0xff, 0xf8, 0x0, 0xff, 0xfe, 0x40,
    0x0,

    /* U+00D1 "Ñ" */
    0x0, 0x0, 0x0, 0x0, 0x2f, 0x4c, 0x0, 0xd,
    0xbf, 0x0, 0x1, 0x1, 0x0, 0x0, 0x0, 0x0,
    0xf, 0x80, 0x1, 0xf3, 0xf4, 0x0, 0x7c, 0xff,
    0x0, 0x1f, 0x3f, 0xe0, 0x7, 0xcf, 0xbd, 0x1,
    0xf3, 0xcf, 0xc0, 0x7c, 0xf0, 0xf8, 0x1f, 0x3c,
    0x2f, 0x7, 0xcf, 0x3, 0xf1, 0xf3, 0xc0, 0x3e,
    0x7c, 0xf0, 0xb, 0xef, 0x3c, 0x0, 0xff, 0xcf,
    0x0, 0xf, 0xf3, 0xc0, 0x2, 0xfc, 0xf0, 0x0,
    0x3f,

    /* U+00D2 "Ò" */
    0x0, 0x60, 0x0, 0x0, 0x1, 0xf0, 0x0, 0x0,
    0x1, 0xe0, 0x0, 0x0, 0x1, 0x40, 0x0, 0x0,
    0x0, 0x0, 0x0, 0x2, 0xff, 0x90, 0x0, 0x7f,
    0xff, 0xe0, 0x7, 0xf4, 0x1f, 0xe0, 0x3f, 0x0,
    0xb, 0xc1, 0xf4, 0x0, 0xf, 0x8b, 0xc0, 0x0,
    0x2f, 0x3e, 0x0, 0x0, 0xbc, 0xf8, 0x0, 0x2,
    0xf3, 0xe0, 0x0, 0xb, 0xcb, 0xc0, 0x0, 0x2f,
    0x1f, 0x40, 0x0, 0xf8, 0x3f, 0x0, 0xb, 0xc0,
    0x7f, 0x41, 0xfe, 0x0, 0x7f, 0xff, 0xe0, 0x0,
    0x2f, 0xf9, 0x0,

    /* U+00D3 "Ó" */
    0x0, 0x0, 0xa0, 0x0, 0x0, 0xb, 0x80, 0x0,
    0x0, 0x78, 0x0, 0x0, 0x1, 0x40, 0x0, 0x0,
    0x0, 0x0, 0x0, 0x2, 0xff, 0x90, 0x0, 0x7f,
    0xff, 0xe0, 0x7, 0xf4, 0x1f, 0xe0, 0x3f, 0x0,
    0xb, 0xc1, 0xf4, 0x0, 0xf, 0x8b, 0xc0, 0x0,
    0x2f, 0x3e, 0x0, 0x0, 0xbc, 0xf8, 0x0, 0x2,
    0xf3, 0xe0, 0x0, 0xb, 0xcb, 0xc0, 0x0, 0x2f,
    0x1f, 0x40, 0x0, 0xf8, 0x3f, 0x0, 0xb, 0xc0,
    0x7f, 0x41, 0xfe, 0x0, 0x7f, 0xff, 0xe0, 0x0,
    0x2f, 0xf9, 0x0,

    /* U+00D4 "Ô" */
    0x0, 0xa, 0x0, 0x0, 0x0, 0xff, 0x0, 0x0,
    0xb, 0x5e, 0x0, 0x0, 0x14, 0x18, 0x0, 0x0,
    0x0, 0x0, 0x0, 0x2, 0xff, 0x90, 0x0, 0x7f,
    0xff, 0xe0, 0x7, 0xf4, 0x1f, 0xe0, 0x3f, 0x0,
    0xb, 0xc1, 0xf4, 0x0, 0xf, 0x8b, 0xc0, 0x0,
    0x2f, 0x3e, 0x0, 0x0, 0xbc, 0xf8, 0x0, 0x2,
    0xf3, 0xe0, 0x0, 0xb, 0xcb, 0xc0, 0x0, 0x2f,
    0x1f, 0x40, 0x0, 0xf8, 0x3f, 0x0, 0xb, 0xc0,
    0x7f, 0x41, 0xfe, 0x0, 0x7f, 0xff, 0xe0, 0x0,
    0x2f, 0xf9, 0x0,

    /* U+00D5 "Õ" */
    0x0, 0x0, 0x0, 0x0, 0x2, 0xf8, 0xd0, 0x0,
    0xe, 0xbf, 0x0, 0x0, 0x10, 0x10, 0x0, 0x0,
    0x0, 0x0, 0x0, 0x2, 0xff, 0x90, 0x0, 0x7f,
    0xff, 0xe0, 0x7, 0xf4, 0x1f, 0xe0, 0x3f, 0x0,
    0xb, 0xc1, 0xf4, 0x0, 0xf, 0x8b, 0xc0, 0x0,
    0x2f, 0x3e, 0x0, 0x0, 0xbc, 0xf8, 0x0, 0x2,
    0xf3, 0xe0, 0x0, 0xb, 0xcb, 0xc0, 0x0, 0x2f,
    0x1f, 0x40, 0x0, 0xf8, 0x3f, 0x0, 0xb, 0xc0,
    0x7f, 0x41, 0xfe, 0x0, 0x7f, 0xff, 0xe0, 0x0,
    0x2f, 0xf9, 0x0,

    /* U+00D6 "Ö" */
    0x0, 0xf0, 0xf0, 0x0, 0x3, 0xc3, 0xc0, 0x0,
    0x0, 0x0, 0x0, 0x0, 0x0, 0x0, 0x0, 0x0,
    0xbf, 0xe4, 0x0, 0x1f, 0xff, 0xf8, 0x1, 0xfd,
    0x7, 0xf8, 0xf, 0xc0, 0x2, 0xf0, 0x7d, 0x0,
    0x3, 0xe2, 0xf0, 0x0, 0xb, 0xcf, 0x80, 0x0,
    0x2f, 0x3e, 0x0, 0x0, 0xbc, 0xf8, 0x0, 0x2,
    0xf2, 0xf0, 0x0, 0xb, 0xc7, 0xd0, 0x0, 0x3e,
    0xf, 0xc0, 0x2, 0xf0, 0x1f, 0xd0, 0x7f, 0x80,
    0x1f, 0xff, 0xf8, 0x0, 0xb, 0xfe, 0x40, 0x0,

    /* U+00D7 "×" */
    0x4, 0x1, 0xf, 0x41, 0xe2, 0xf5, 0xf4, 0x2f,
    0xf4, 0x2, 0xf4, 0x1, 0xff, 0x1, 0xf6, 0xf0,
    0xf4, 0x2e, 0x4, 0x2, 0x0,

    /* U+00D8 "Ø" */
    0x0, 0x0, 0x0, 0x0, 0x2, 0xff, 0x93, 0xc0,
    0x7f, 0xff, 0xfc, 0x7, 0xf4, 0x1b, 0xe0, 0x3f,
    0x0, 0x2f, 0xc1, 0xf0, 0x1, 0xff, 0x8b, 0xc0,
    0xf, 0x2f, 0x3e, 0x0, 0xf0, 0xbc, 0xf8, 0xf,
    0x41, 0xf3, 0xe0, 0xb4, 0xb, 0xcb, 0xc7, 0x80,
    0x2f, 0x1f, 0x7c, 0x0, 0xf8, 0x3f, 0xc0, 0xb,
    0xc0, 0x7f, 0x41, 0xbe, 0x3, 0xff, 0xff, 0xe0,
    0x2d, 0x2f, 0xf9, 0x0, 0x20, 0x0, 0x0, 0x0,

    /* U+00D9 "Ù" */
    0x1, 0x90, 0x0, 0x0, 0x3d, 0x0, 0x0, 0x3,
    0xc0, 0x0, 0x0, 0x24, 0x0, 0x0, 0x0, 0x0,
    0x1f, 0x0, 0x3, 0xe7, 0xc0, 0x0, 0xf9, 0xf0,
    0x0, 0x3e, 0x7c, 0x0, 0xf, 0x9f, 0x0, 0x3,
    0xe7, 0xc0, 0x0, 0xf9, 0xf0, 0x0, 0x3e, 0x7c,
    0x0, 0xf, 0x9f, 0x0, 0x3, 0xe7, 0xc0, 0x0,
    0xf8, 0xf4, 0x0, 0x3d, 0x3e, 0x0, 0x2f, 0xb,
    0xe4, 0x2f, 0xc0, 0xff, 0xff, 0xc0, 0x7, 0xff,
    0x80,

    /* U+00DA "Ú" */
    0x0, 0x1, 0x90, 0x0, 0x0, 0xf0, 0x0, 0x0,
    0xf0, 0x0, 0x0, 0x20, 0x0, 0x0, 0x0, 0x0,
    0x1f, 0x0, 0x3, 0xe7, 0xc0, 0x0, 0xf9, 0xf0,
    0x0, 0x3e, 0x7c, 0x0, 0xf, 0x9f, 0x0, 0x3,
    0xe7, 0xc0, 0x0, 0xf9, 0xf0, 0x0, 0x3e, 0x7c,
    0x0, 0xf, 0x9f, 0x0, 0x3, 0xe7, 0xc0, 0x0,
    0xf8, 0xf4, 0x0, 0x3d, 0x3e, 0x0, 0x2f, 0xb,
    0xe4, 0x2f, 0xc0, 0xff, 0xff, 0xc0, 0x7, 0xff,
    0x80,

    /* U+00DB "Û" */
    0x0, 0x19, 0x0, 0x0, 0x1f, 0xd0, 0x0, 0xf,
    0x2c, 0x0, 0x6, 0x1, 0x40, 0x0, 0x0, 0x0,
    0x1f, 0x0, 0x3, 0xe7, 0xc0, 0x0, 0xf9, 0xf0,
    0x0, 0x3e, 0x7c, 0x0, 0xf, 0x9f, 0x0, 0x3,
    0xe7, 0xc0, 0x0, 0xf9, 0xf0, 0x0, 0x3e, 0x7c,
    0x0, 0xf, 0x9f, 0x0, 0x3, 0xe7, 0xc0, 0x0,
    0xf8, 0xf4, 0x0, 0x3d, 0x3e, 0x0, 0x2f, 0xb,
    0xe4, 0x2f, 0xc0, 0xff, 0xff, 0xc0, 0x7, 0xff,
    0x80,

    /* U+00DC "Ü" */
    0x1, 0xd1, 0xd0, 0x0, 0x78, 0xb8, 0x0, 0x4,
    0x4, 0x0, 0x0, 0x0, 0x0, 0x7c, 0x0, 0xf,
    0x9f, 0x0, 0x3, 0xe7, 0xc0, 0x0, 0xf9, 0xf0,
    0x0, 0x3e, 0x7c, 0x0, 0xf, 0x9f, 0x0, 0x3,
    0xe7, 0xc0, 0x0, 0xf9, 0xf0, 0x0, 0x3e, 0x7c,
    0x0, 0xf, 0x9f, 0x0, 0x3, 0xe3, 0xd0, 0x0,
    0xf4, 0xf8, 0x0, 0xbc, 0x2f, 0x90, 0xbf, 0x3,
    0xff, 0xff, 0x0, 0x1f, 0xfe, 0x0,

    /* U+00DD "Ý" */
    0x0, 0x0, 0x0, 0x0, 0x1, 0xf0, 0x0, 0x0,
    0xf0, 0x0, 0x0, 0xa0, 0x0, 0x0, 0x0, 0x0,
    0x2f, 0x0, 0xb, 0xc3, 0xd0, 0x3, 0xe0, 0xbc,
    0x2, 0xf0, 0xf, 0x80, 0xf8, 0x2, 0xf0, 0xbc,
    0x0, 0x3e, 0x3d, 0x0, 0xb, 0xef, 0x0, 0x0,
    0xff, 0x40, 0x0, 0x1f, 0xc0, 0x0, 0x3, 0xd0,
    0x0, 0x0, 0xf4, 0x0, 0x0, 0x3d, 0x0, 0x0,
    0xf, 0x40, 0x0, 0x3, 0xd0, 0x0, 0x0, 0xf4,
    0x0,

    /* U+00DE "Þ" */
    0x3d, 0x0, 0x0, 0x3d, 0x0, 0x0, 0x3d, 0x0,
    0x0, 0x7f, 0xff, 0x80, 0x7f, 0xff, 0xf0, 0x3d,
    0x1, 0xfc, 0x3d, 0x0, 0xbc, 0x3d, 0x0, 0x7c,
    0x3d, 0x0, 0x7c, 0x3d, 0x1, 0xfc, 0x7f, 0xff,
    0xf0, 0x7f, 0xff, 0x80, 0x3d, 0x0, 0x0, 0x3d,
    0x0, 0x0, 0x3d, 0x0, 0x0,

    /* U+00DF "ß" */
    0x7, 0xfe, 0x0, 0x7f, 0xff, 0x3, 0xe0, 0x7d,
    0x1f, 0x0, 0xf4, 0x7c, 0x3, 0xd1, 0xf0, 0x1f,
    0x7, 0xcb, 0xf4, 0x1f, 0x3f, 0xf0, 0x7c, 0x7,
    0xe1, 0xf0, 0x7, 0xc7, 0xc0, 0xf, 0x5f, 0x0,
    0x3c, 0x7c, 0x3, 0xf1, 0xf3, 0xff, 0x47, 0xcf,
    0xe0, 0x0,

    /* U+00E0 "à" */
    0xb, 0x80, 0x0, 0x2d, 0x0, 0x0, 0xb0, 0x0,
    0x0, 0x0, 0xb, 0xfe, 0x3, 0xfa, 0xfc, 0x7c,
    0x3, 0xc1, 0x0, 0x3d, 0xb, 0xff, 0xd7, 0xf9,
    0x7d, 0xf8, 0x3, 0xdf, 0x40, 0x3d, 0xf8, 0xf,
    0xd7, 0xfb, 0xfd, 0x1f, 0xe3, 0xd0,

    /* U+00E1 "á" */
    0x0, 0x1f, 0x0, 0x3, 0xc0, 0x0, 0xa0, 0x0,
    0x0, 0x0, 0xb, 0xfe, 0x3, 0xfa, 0xfc, 0x7c,
    0x3, 0xc1, 0x0, 0x3d, 0xb, 0xff, 0xd7, 0xf9,
    0x7d, 0xf8, 0x3, 0xdf, 0x40, 0x3d, 0xf8, 0xf,
    0xd7, 0xfb, 0xfd, 0x1f, 0xe3, 0xd0,

    /* U+00E2 "â" */
    0x1, 0xf8, 0x0, 0x3e, 0xd0, 0xa, 0xb, 0x0,
    0x0, 0x0, 0xb, 0xfe, 0x3, 0xfa, 0xfc, 0x7c,
    0x3, 0xc1, 0x0, 0x3d, 0xb, 0xff, 0xd7, 0xf9,
    0x7d, 0xf8, 0x3, 0xdf, 0x40, 0x3d, 0xf8, 0xf,
    0xd7, 0xfb, 0xfd, 0x1f, 0xe3, 0xd0,

    /* U+00E3 "ã" */
    0x7, 0xd3, 0x40, 0xeb, 0xf0, 0x4, 0x4, 0x0,
    0x0, 0x0, 0xb, 0xfe, 0x3, 0xfa, 0xfc, 0x7c,
    0x3, 0xc1, 0x0, 0x3d, 0xb, 0xff, 0xd7, 0xf9,
    0x7d, 0xf8, 0x3, 0xdf, 0x40, 0x3d, 0xf8, 0xf,
    0xd7, 0xfb, 0xfd, 0x1f, 0xe3, 0xd0,

    /* U+00E4 "ä" */
    0xb, 0xf, 0x0, 0xf0, 0xf0, 0x0, 0x0, 0x0,
    0x0, 0x0, 0xb, 0xfe, 0x3, 0xfa, 0xfc, 0x7c,
    0x3, 0xc1, 0x0, 0x3d, 0xb, 0xff, 0xd7, 0xf9,
    0x7d, 0xf8, 0x3, 0xdf, 0x40, 0x3d, 0xf8, 0xf,
    0xd7, 0xfb, 0xfd, 0x1f, 0xe3, 0xd0,

    /* U+00E5 "å" */
    0x1, 0xf4, 0x0, 0x39, 0xc0, 0x3, 0xd, 0x0,
    0x34, 0xd0, 0x1, 0xf8, 0x0, 0x0, 0x0, 0xb,
    0xfe, 0x3, 0xfa, 0xfc, 0x7c, 0x3, 0xc1, 0x0,
    0x3d, 0xb, 0xff, 0xd7, 0xf9, 0x7d, 0xf8, 0x3,
    0xdf, 0x40, 0x3d, 0xf8, 0xf, 0xd7, 0xfb, 0xfd,
    0x1f, 0xe3, 0xd0,

    /* U+00E6 "æ" */
    0xb, 0xfd, 0x1f, 0xf4, 0xf, 0xeb, 0xff, 0xaf,
    0x87, 0xc0, 0x3f, 0x0, 0xf4, 0x40, 0xf, 0x80,
    0x2e, 0xb, 0xff, 0xff, 0xff, 0xdf, 0xe5, 0xf9,
    0x55, 0x5f, 0x80, 0x3d, 0x0, 0x3, 0xd0, 0xf,
    0xc0, 0x2e, 0xf8, 0xf, 0xf4, 0xf, 0x5f, 0xff,
    0x6f, 0xff, 0xc1, 0xfe, 0x1, 0xff, 0x80,

    /* U+00E7 "ç" */
    0x7, 0xfe, 0x2, 0xff, 0xfc, 0x7d, 0x7, 0xdb,
    0xc0, 0x2e, 0xf8, 0x0, 0xf, 0x40, 0x0, 0xf8,
    0x0, 0xb, 0xc0, 0x2e, 0x7d, 0x3, 0xd2, 0xff,
    0xfc, 0x7, 0xfe, 0x0, 0xb, 0x0, 0x0, 0x6c,
    0x0, 0x12, 0xc0, 0x3, 0xf8, 0x0,

    /* U+00E8 "è" */
    0xf, 0x40, 0x0, 0x3d, 0x0, 0x0, 0xa0, 0x0,
    0x0, 0x0, 0x7, 0xfd, 0x2, 0xff, 0xf8, 0x7c,
    0x3, 0xdb, 0x80, 0x2e, 0xff, 0xff, 0xff, 0xaa,
    0xa9, 0xf4, 0x0, 0xb, 0x80, 0x1e, 0x7d, 0x3,
    0xe2, 0xff, 0xfc, 0x7, 0xfe, 0x0,

    /* U+00E9 "é" */
    0x0, 0x1f, 0x0, 0x3, 0xc0, 0x0, 0xa0, 0x0,
    0x0, 0x0, 0x7, 0xfd, 0x2, 0xff, 0xf8, 0x7c,
    0x3, 0xdb, 0x80, 0x2e, 0xff, 0xff, 0xff, 0xaa,
    0xa9, 0xf4, 0x0, 0xb, 0x80, 0x1e, 0x7d, 0x3,
    0xe2, 0xff, 0xfc, 0x7, 0xfe, 0x0,

    /* U+00EA "ê" */
    0x1, 0xf8, 0x0, 0x7a, 0xd0, 0xa, 0xb, 0x0,
    0x0, 0x0, 0x7, 0xfd, 0x2, 0xff, 0xf8, 0x7c,
    0x3, 0xdb, 0x80, 0x2e, 0xff, 0xff, 0xff, 0xaa,
    0xa9, 0xf4, 0x0, 0xb, 0x80, 0x1e, 0x7d, 0x3,
    0xe2, 0xff, 0xfc, 0x7, 0xfe, 0x0,

    /* U+00EB "ë" */
    0xf, 0xf, 0x0, 0xf0, 0xf0, 0x0, 0x0, 0x0,
    0x0, 0x0, 0x7, 0xfd, 0x2, 0xff, 0xf8, 0x7c,
    0x3, 0xdb, 0x80, 0x2e, 0xff, 0xff, 0xff, 0xaa,
    0xa9, 0xf4, 0x0, 0xb, 0x80, 0x1e, 0x7d, 0x3,
    0xe2, 0xff, 0xfc, 0x7, 0xfe, 0x0,

    /* U+00EC "ì" */
    0x3d, 0x0, 0xf0, 0x2, 0x80, 0x0, 0x7, 0xc0,
    0x7c, 0x7, 0xc0, 0x7c, 0x7, 0xc0, 0x7c, 0x7,
    0xc0, 0x7c, 0x7, 0xc0, 0x7c, 0x7, 0xc0,

    /* U+00ED "í" */
    0xb, 0x82, 0xe0, 0x24, 0x0, 0x0, 0x7c, 0x7,
    0xc0, 0x7c, 0x7, 0xc0, 0x7c, 0x7, 0xc0, 0x7c,
    0x7, 0xc0, 0x7c, 0x7, 0xc0, 0x7c, 0x0,

    /* U+00EE "î" */
    0xb, 0xd0, 0x2d, 0xf0, 0x24, 0x28, 0x0, 0x0,
    0x7, 0xc0, 0x7, 0xc0, 0x7, 0xc0, 0x7, 0xc0,
    0x7, 0xc0, 0x7, 0xc0, 0x7, 0xc0, 0x7, 0xc0,
    0x7, 0xc0, 0x7, 0xc0, 0x7, 0xc0,

    /* U+00EF "ï" */
    0x3c, 0x74, 0xf2, 0xe0, 0x1, 0x0, 0x0, 0x7,
    0xc0, 0x1f, 0x0, 0x7c, 0x1, 0xf0, 0x7, 0xc0,
    0x1f, 0x0, 0x7c, 0x1, 0xf0, 0x7, 0xc0, 0x1f,
    0x0, 0x7c, 0x0,

    /* U+00F0 "ð" */
    0x0, 0x0, 0x0, 0x2f, 0x5d, 0x0, 0x3f, 0xe0,
    0x7, 0xef, 0x40, 0x4, 0xf, 0x40, 0x1f, 0xff,
    0x2, 0xff, 0xfd, 0x1f, 0x40, 0xfc, 0xbc, 0x1,
    0xf3, 0xe0, 0x3, 0xdf, 0x40, 0xf, 0x7e, 0x0,
    0x3c, 0xbc, 0x1, 0xf1, 0xf4, 0xf, 0x82, 0xff,
    0xfc, 0x1, 0xff, 0x80,

    /* U+00F1 "ñ" */
    0x7, 0xe3, 0x80, 0xfb, 0xf0, 0x4, 0x4, 0x0,
    0x0, 0x0, 0x7c, 0xbf, 0x47, 0xff, 0xfd, 0x7f,
    0x3, 0xe7, 0xc0, 0x1f, 0x7c, 0x1, 0xf7, 0xc0,
    0x1f, 0x7c, 0x1, 0xf7, 0xc0, 0x1f, 0x7c, 0x1,
    0xf7, 0xc0, 0x1f, 0x7c, 0x1, 0xf0,

    /* U+00F2 "ò" */
    0xb, 0x80, 0x0, 0xb, 0x40, 0x0, 0xb, 0x0,
    0x0, 0x0, 0x0, 0x7, 0xfe, 0x0, 0xbf, 0xff,
    0x7, 0xd0, 0x3e, 0x2f, 0x0, 0x7c, 0xf8, 0x0,
    0xf3, 0xd0, 0x3, 0xdf, 0x80, 0xf, 0x2f, 0x0,
    0x7c, 0x7d, 0x3, 0xe0, 0xbf, 0xff, 0x0, 0x7f,
    0xe0, 0x0,

    /* U+00F3 "ó" */
    0x0, 0x1f, 0x0, 0x0, 0xf0, 0x0, 0xb, 0x0,
    0x0, 0x0, 0x0, 0x7, 0xfe, 0x0, 0xbf, 0xff,
    0x7, 0xd0, 0x3e, 0x2f, 0x0, 0x7c, 0xf8, 0x0,
    0xf3, 0xd0, 0x3, 0xdf, 0x80, 0xf, 0x2f, 0x0,
    0x7c, 0x7d, 0x3, 0xe0, 0xbf, 0xff, 0x0, 0x7f,
    0xe0, 0x0,

    /* U+00F4 "ô" */
    0x1, 0xf8, 0x0, 0xf, 0xb8, 0x0, 0xb0, 0xb0,
    0x0, 0x0, 0x0, 0x7, 0xfe, 0x0, 0xbf, 0xff,
    0x7, 0xd0, 0x3e, 0x2f, 0x0, 0x7c, 0xf8, 0x0,
    0xf3, 0xd0, 0x3, 0xdf, 0x80, 0xf, 0x2f, 0x0,
    0x7c, 0x7d, 0x3, 0xe0, 0xbf, 0xff, 0x0, 0x7f,
    0xe0, 0x0,

    /* U+00F5 "õ" */
    0x7, 0xd3, 0x40, 0x3a, 0xfc, 0x0, 0x40, 0x40,
    0x0, 0x0, 0x0, 0x7, 0xfe, 0x0, 0xbf, 0xff,
    0x7, 0xd0, 0x3e, 0x2f, 0x0, 0x7c, 0xf8, 0x0,
    0xf3, 0xd0, 0x3, 0xdf, 0x80, 0xf, 0x2f, 0x0,
    0x7c, 0x7d, 0x3, 0xe0, 0xbf, 0xff, 0x0, 0x7f,
    0xe0, 0x0,

    /* U+00F6 "ö" */
    0xb, 0xb, 0x0, 0x3d, 0x3c, 0x0, 0x0, 0x0,
    0x0, 0x0, 0x0, 0x7, 0xfe, 0x0, 0xbf, 0xff,
    0x7, 0xd0, 0x3e, 0x2f, 0x0, 0x7c, 0xf8, 0x0,
    0xf3, 0xd0, 0x3, 0xdf, 0x80, 0xf, 0x2f, 0x0,
    0x7c, 0x7d, 0x3, 0xe0, 0xbf, 0xff, 0x0, 0x7f,
    0xe0, 0x0,

    /* U+00F7 "÷" */
    0x1, 0xf0, 0x0, 0x2f, 0x40, 0x1, 0xf0, 0x0,
    0x0, 0x0, 0x0, 0x0, 0xf, 0xff, 0xfe, 0xff,
    0xff, 0xe0, 0x0, 0x0, 0x1, 0xf0, 0x0, 0x2f,
    0x40, 0x0, 0xf0, 0x0,

    /* U+00F8 "ø" */
    0x0, 0x0, 0x4, 0x1, 0xff, 0xac, 0xb, 0xff,
    0xf4, 0x1f, 0x41, 0xf8, 0x2e, 0x3, 0xfc, 0x3d,
    0xb, 0x3c, 0x3d, 0x2c, 0x3d, 0x3d, 0x74, 0x3c,
    0x2f, 0xe0, 0x7c, 0x1f, 0xc0, 0xf8, 0xf, 0xff,
    0xf0, 0x2d, 0xff, 0x80, 0x14, 0x0, 0x0,

    /* U+00F9 "ù" */
    0xb, 0x80, 0x0, 0x2d, 0x0, 0x0, 0x60, 0x0,
    0x0, 0x0, 0x7c, 0x1, 0xf7, 0xc0, 0x1f, 0x7c,
    0x1, 0xf7, 0xc0, 0x1f, 0x7c, 0x1, 0xf7, 0xc0,
    0x1f, 0x7c, 0x1, 0xf7, 0xc0, 0x2f, 0x7d, 0xb,
    0xf3, 0xff, 0xef, 0xf, 0xe1, 0xf0,

    /* U+00FA "ú" */
    0x0, 0x1f, 0x0, 0x3, 0xc0, 0x0, 0xa0, 0x0,
    0x0, 0x0, 0x7c, 0x1, 0xf7, 0xc0, 0x1f, 0x7c,
    0x1, 0xf7, 0xc0, 0x1f, 0x7c, 0x1, 0xf7, 0xc0,
    0x1f, 0x7c, 0x1, 0xf7, 0xc0, 0x2f, 0x7d, 0xb,
    0xf3, 0xff, 0xef, 0xf, 0xe1, 0xf0,

    /* U+00FB "û" */
    0x1, 0xf8, 0x0, 0x3d, 0xe0, 0xa, 0x6, 0x0,
    0x0, 0x0, 0x7c, 0x1, 0xf7, 0xc0, 0x1f, 0x7c,
    0x1, 0xf7, 0xc0, 0x1f, 0x7c, 0x1, 0xf7, 0xc0,
    0x1f, 0x7c, 0x1, 0xf7, 0xc0, 0x2f, 0x7d, 0xb,
    0xf3, 0xff, 0xef, 0xf, 0xe1, 0xf0,

    /* U+00FC "ü" */
    0xb, 0xb, 0x0, 0xf4, 0xf4, 0x0, 0x0, 0x0,
    0x0, 0x0, 0x7c, 0x1, 0xf7, 0xc0, 0x1f, 0x7c,
    0x1, 0xf7, 0xc0, 0x1f, 0x7c, 0x1, 0xf7, 0xc0,
    0x1f, 0x7c, 0x1, 0xf7, 0xc0, 0x2f, 0x7d, 0xb,
    0xf3, 0xff, 0xef, 0xf, 0xe1, 0xf0,

    /* U+00FD "ý" */
    0x0, 0x1f, 0x0, 0x0, 0xf0, 0x0, 0xa, 0x0,
    0x0, 0x0, 0x0, 0xf8, 0x0, 0xf1, 0xf0, 0x7,
    0xc3, 0xd0, 0x2e, 0xb, 0x80, 0xf0, 0x1f, 0x7,
    0xc0, 0x3d, 0x2d, 0x0, 0xb8, 0xf0, 0x0, 0xf7,
    0xc0, 0x3, 0xfd, 0x0, 0x7, 0xf0, 0x0, 0xf,
    0x80, 0x0, 0x3d, 0x0, 0x2, 0xf0, 0x0, 0xff,
    0x40, 0x3, 0xf8, 0x0, 0x0,

    /* U+00FE "þ" */
    0x7c, 0x0, 0x1, 0xf0, 0x0, 0x7, 0xc0, 0x0,
    0x1f, 0x0, 0x0, 0x7c, 0xbf, 0x41, 0xff, 0xff,
    0x87, 0xf0, 0x2f, 0x1f, 0x0, 0x3d, 0x7c, 0x0,
    0xf9, 0xf0, 0x3, 0xe7, 0xc0, 0xf, 0x9f, 0x0,
    0x3d, 0x7f, 0x2, 0xf1, 0xff, 0xff, 0x47, 0xcb,
    0xf4, 0x1f, 0x0, 0x0, 0x7c, 0x0, 0x1, 0xf0,
    0x0, 0x7, 0xc0, 0x0, 0x0,

    /* U+00FF "ÿ" */
    0xb, 0xb, 0x0, 0x3d, 0x3d, 0x0, 0x0, 0x0,
    0x0, 0x0, 0x0, 0xf8, 0x0, 0xf1, 0xf0, 0x7,
    0xc3, 0xd0, 0x2e, 0xb, 0x80, 0xf0, 0x1f, 0x7,
    0xc0, 0x3d, 0x2d, 0x0, 0xb8, 0xf0, 0x0, 0xf7,
    0xc0, 0x3, 0xfd, 0x0, 0x7, 0xf0, 0x0, 0xf,
    0x80, 0x0, 0x3d, 0x0, 0x2, 0xf0, 0x0, 0xff,
    0x40, 0x3, 0xf8, 0x0, 0x0,

    /* U+0100 "Ā" */
    0x0, 0xaa, 0x90, 0x0, 0x1f, 0xfe, 0x0, 0x0,
    0x0, 0x0, 0x0, 0x0, 0x0, 0x0, 0x0, 0x3f,
    0x0, 0x0, 0x3, 0xf4, 0x0, 0x0, 0xbf, 0xc0,
    0x0, 0xf, 0x7c, 0x0, 0x0, 0xf2, 0xe0, 0x0,
    0x2e, 0x1f, 0x0, 0x3, 0xd0, 0xf4, 0x0, 0x7c,
    0xb, 0x80, 0xb, 0x80, 0x7c, 0x0, 0xff, 0xff,
    0xd0, 0x1f, 0xff, 0xfe, 0x2, 0xf0, 0x1, 0xf0,
    0x3d, 0x0, 0xf, 0x47, 0xc0, 0x0, 0xf8, 0xfc,
    0x0, 0x7, 0xc0,

    /* U+0101 "ā" */
    0xf, 0xff, 0x0, 0x6a, 0xa0, 0x0, 0x0, 0x0,
    0x0, 0x0, 0xb, 0xfe, 0x3, 0xfa, 0xfc, 0x7c,
    0x3, 0xc1, 0x0, 0x3d, 0xb, 0xff, 0xd7, 0xf9,
    0x7d, 0xf8, 0x3, 0xdf, 0x40, 0x3d, 0xf8, 0xf,
    0xd7, 0xfb, 0xfd, 0x1f, 0xe3, 0xd0,

    /* U+0102 "Ă" */
    0x1, 0xd0, 0xe0, 0x0, 0xb, 0xfc, 0x0, 0x0,
    0x0, 0x0, 0x0, 0x0, 0x0, 0x0, 0x0, 0x3f,
    0x0, 0x0, 0x3, 0xf4, 0x0, 0x0, 0xbf, 0xc0,
    0x0, 0xf, 0x7c, 0x0, 0x0, 0xf2, 0xe0, 0x0,
    0x2e, 0x1f, 0x0, 0x3, 0xd0, 0xf4, 0x0, 0x7c,
    0xb, 0x80, 0xb, 0x80, 0x7c, 0x0, 0xff, 0xff,
    0xd0, 0x1f, 0xff, 0xfe, 0x2, 0xf0, 0x1, 0xf0,
    0x3d, 0x0, 0xf, 0x47, 0xc0, 0x0, 0xf8, 0xfc,
    0x0, 0x7, 0xc0,

    /* U+0103 "ă" */
    0xa, 0xb, 0x0, 0x3f, 0xd0, 0x0, 0x10, 0x0,
    0x0, 0x0, 0x7, 0xfe, 0x2, 0xfa, 0xfc, 0x3d,
    0x3, 0xc7, 0xc0, 0x3d, 0xb, 0xff, 0xd7, 0xf9,
    0x7d, 0xf8, 0x3, 0xdf, 0x40, 0x3d, 0xf8, 0xf,
    0xd7, 0xfb, 0xfd, 0x1f, 0xe3, 0xd0,

    /* U+0104 "Ą" */
    0x0, 0x3f, 0x0, 0x0, 0x3, 0xf4, 0x0, 0x0,
    0xbf, 0xc0, 0x0, 0xf, 0x7c, 0x0, 0x0, 0xf2,
    0xe0, 0x0, 0x2e, 0x1f, 0x0, 0x3, 0xd0, 0xf4,
    0x0, 0x7c, 0xb, 0x80, 0xb, 0x80, 0x7c, 0x0,
    0xff, 0xff, 0xd0, 0x1f, 0xff, 0xfe, 0x2, 0xf0,
    0x1, 0xf0, 0x3d, 0x0, 0xf, 0x47, 0xc0, 0x0,
    0xf8, 0xfc, 0x0, 0x7, 0xc0, 0x0, 0x0, 0xe0,
    0x0, 0x0, 0x2c, 0x0, 0x0, 0x2, 0xe8, 0x0,
    0x0, 0xf, 0xc0,

    /* U+0105 "ą" */
    0xb, 0xfe, 0x3, 0xfa, 0xfc, 0x7c, 0x3, 0xc1,
    0x0, 0x3d, 0xb, 0xff, 0xd7, 0xf9, 0x7d, 0xf8,
    0x3, 0xdf, 0x40, 0x3d, 0xf8, 0xf, 0xd7, 0xfb,
    0xfd, 0x1f, 0xe3, 0xd0, 0x0, 0xe0, 0x0, 0x2c,
    0x0, 0x2, 0xe8, 0x0, 0xf, 0xc0,

    /* U+0106 "Ć" */
    0x0, 0x0, 0xa0, 0x0, 0x0, 0x2e, 0x0, 0x0,
    0x7, 0x80, 0x0, 0x0, 0x50, 0x0, 0x0, 0x0,
    0x0, 0x0, 0xb, 0xfe, 0x0, 0x7, 0xff, 0xfe,
    0x1, 0xfd, 0x7, 0xf4, 0x3f, 0x0, 0xf, 0xc7,
    0xd0, 0x0, 0x7c, 0xbc, 0x0, 0x0, 0xf, 0x80,
    0x0, 0x0, 0xf8, 0x0, 0x0, 0xf, 0x80, 0x0,
    0x0, 0xbc, 0x0, 0x1, 0x47, 0xd0, 0x0, 0x7c,
    0x3f, 0x0, 0xf, 0xc1, 0xfd, 0x7, 0xf4, 0x7,
    0xff, 0xfe, 0x0, 0xb, 0xfe, 0x0,

    /* U+0107 "ć" */
    0x0, 0x2f, 0x0, 0x7, 0xc0, 0x0, 0xa0, 0x0,
    0x0, 0x0, 0x7, 0xfe, 0x2, 0xff, 0xfc, 0x7d,
    0x7, 0xdb, 0xc0, 0x2e, 0xf8, 0x0, 0xf, 0x40,
    0x0, 0xf8, 0x0, 0xb, 0xc0, 0x2e, 0x7d, 0x3,
    0xd2, 0xff, 0xfc, 0x7, 0xfe, 0x0,

    /* U+0108 "Ĉ" */
    0x0, 0xa, 0x0, 0x0, 0x2, 0xfc, 0x0, 0x0,
    0xb5, 0xe0, 0x0, 0x5, 0x6, 0x0, 0x0, 0x0,
    0x0, 0x0, 0xb, 0xfe, 0x0, 0x7, 0xff, 0xfe,
    0x1, 0xfd, 0x7, 0xf4, 0x3f, 0x0, 0xf, 0xc7,
    0xd0, 0x0, 0x7c, 0xbc, 0x0, 0x0, 0xf, 0x80,
    0x0, 0x0, 0xf8, 0x0, 0x0, 0xf, 0x80, 0x0,
    0x0, 0xbc, 0x0, 0x1, 0x47, 0xd0, 0x0, 0x7c,
    0x3f, 0x0, 0xf, 0xc1, 0xfd, 0x7, 0xf4, 0x7,
    0xff, 0xfe, 0x0, 0xb, 0xfe, 0x0,

    /* U+0109 "ĉ" */
    0x2, 0xf4, 0x0, 0x7a, 0xd0, 0xe, 0xa, 0x0,
    0x0, 0x0, 0x7, 0xfe, 0x2, 0xff, 0xfc, 0x7d,
    0x7, 0xdb, 0xc0, 0x2e, 0xf8, 0x0, 0xf, 0x40,
    0x0, 0xf8, 0x0, 0xb, 0xc0, 0x2e, 0x7d, 0x3,
    0xd2, 0xff, 0xfc, 0x7, 0xfe, 0x0,

    /* U+010A "Ċ" */
    0x0, 0xf, 0x0, 0x0, 0x0, 0xf4, 0x0, 0x0,
    0x5, 0x0, 0x0, 0x0, 0x0, 0x0, 0x0, 0xbf,
    0xe0, 0x0, 0x7f, 0xff, 0xe0, 0x1f, 0xd0, 0x7f,
    0x43, 0xf0, 0x0, 0xfc, 0x7d, 0x0, 0x7, 0xcb,
    0xc0, 0x0, 0x0, 0xf8, 0x0, 0x0, 0xf, 0x80,
    0x0, 0x0, 0xf8, 0x0, 0x0, 0xb, 0xc0, 0x0,
    0x14, 0x7d, 0x0, 0x7, 0xc3, 0xf0, 0x0, 0xfc,
    0x1f, 0xd0, 0x7f, 0x40, 0x7f, 0xff, 0xe0, 0x0,
    0xbf, 0xe0, 0x0,

    /* U+010B "ċ" */
    0x0, 0xf0, 0x0, 0x1f, 0x40, 0x0, 0x50, 0x0,
    0x0, 0x0, 0x7, 0xfe, 0x2, 0xff, 0xfc, 0x7d,
    0x7, 0xdb, 0xc0, 0x2e, 0xf8, 0x0, 0xf, 0x40,
    0x0, 0xf8, 0x0, 0xb, 0xc0, 0x2e, 0x7d, 0x3,
    0xd2, 0xff, 0xfc, 0x7, 0xfe, 0x0,

    /* U+010C "Č" */
    0x0, 0x50, 0x60, 0x0, 0xb, 0x5e, 0x0, 0x0,
    0x2f, 0xc0, 0x0, 0x0, 0xa0, 0x0, 0x0, 0x0,
    0x0, 0x0, 0xb, 0xfe, 0x0, 0x7, 0xff, 0xfe,
    0x1, 0xfd, 0x7, 0xf4, 0x3f, 0x0, 0xf, 0xc7,
    0xd0, 0x0, 0x7c, 0xbc, 0x0, 0x0, 0xf, 0x80,
    0x0, 0x0, 0xf8, 0x0, 0x0, 0xf, 0x80, 0x0,
    0x0, 0xbc, 0x0, 0x1, 0x47, 0xd0, 0x0, 0x7c,
    0x3f, 0x0, 0xf, 0xc1, 0xfd, 0x7, 0xf4, 0x7,
    0xff, 0xfe, 0x0, 0xb, 0xfe, 0x0,

    /* U+010D "č" */
    0xf, 0xf, 0x0, 0x3f, 0xc0, 0x1, 0xf4, 0x0,
    0x0, 0x0, 0x7, 0xfd, 0x2, 0xff, 0xf8, 0x7d,
    0x7, 0xdb, 0xc0, 0x2e, 0xf8, 0x0, 0xf, 0x40,
    0x0, 0xf8, 0x0, 0xb, 0xc0, 0x2e, 0x7d, 0x3,
    0xd2, 0xff, 0xfc, 0x7, 0xfe, 0x0,

    /* U+010E "Ď" */
    0x1, 0xe1, 0xe0, 0x0, 0xb, 0xbc, 0x0, 0x0,
    0x3f, 0x0, 0x0, 0x0, 0x0, 0x0, 0x3f, 0xff,
    0x90, 0x3, 0xff, 0xff, 0x80, 0x3d, 0x1, 0xfe,
    0x3, 0xd0, 0x2, 0xf4, 0x3d, 0x0, 0xf, 0x83,
    0xd0, 0x0, 0xbc, 0x3d, 0x0, 0x7, 0xc3, 0xd0,
    0x0, 0x7c, 0x3d, 0x0, 0x7, 0xc3, 0xd0, 0x0,
    0xbc, 0x3d, 0x0, 0xf, 0x83, 0xd0, 0x2, 0xf4,
    0x3d, 0x1, 0xfe, 0x3, 0xff, 0xff, 0x80, 0x3f,
    0xff, 0x90, 0x0,

    /* U+010F "ď" */
    0x0, 0x1, 0xf2, 0xd0, 0x0, 0x1f, 0x3c, 0x0,
    0x1, 0xf3, 0x80, 0x0, 0x1f, 0x20, 0xb, 0xf5,
    0xf0, 0x3, 0xff, 0xff, 0x0, 0x7d, 0x7, 0xf0,
    0xb, 0xc0, 0x2f, 0x0, 0xf8, 0x1, 0xf0, 0xf,
    0x40, 0x1f, 0x0, 0xf8, 0x1, 0xf0, 0xb, 0x80,
    0x1f, 0x0, 0x7d, 0x7, 0xf0, 0x3, 0xff, 0xff,
    0x0, 0xb, 0xf5, 0xf0, 0x0,

    /* U+0110 "Đ" */
    0xf, 0xff, 0xe4, 0x0, 0x3f, 0xff, 0xf8, 0x0,
    0xf4, 0x7, 0xf8, 0x3, 0xd0, 0x2, 0xf4, 0xf,
    0x40, 0x3, 0xe0, 0x3d, 0x0, 0xb, 0xcf, 0xff,
    0xf0, 0x1f, 0x3f, 0xff, 0xc0, 0x7c, 0xf, 0x40,
    0x1, 0xf0, 0x3d, 0x0, 0xb, 0xc0, 0xf4, 0x0,
    0x3e, 0x3, 0xd0, 0x2, 0xf4, 0xf, 0x40, 0x7f,
    0x80, 0x3f, 0xff, 0xf8, 0x0, 0xff, 0xfe, 0x40,
    0x0,

    /* U+0111 "đ" */
    0x0, 0x1, 0xf0, 0x0, 0x3f, 0xfd, 0x0, 0x6,
    0xf4, 0x0, 0x1, 0xf0, 0xb, 0xf5, 0xf0, 0x3f,
    0xff, 0xf0, 0x7d, 0x7, 0xf0, 0xbc, 0x2, 0xf0,
    0xf8, 0x1, 0xf0, 0xf4, 0x1, 0xf0, 0xf8, 0x1,
    0xf0, 0xb8, 0x1, 0xf0, 0x7d, 0x7, 0xf0, 0x3f,
    0xff, 0xf0, 0xb, 0xf5, 0xf0,

    /* U+0112 "Ē" */
    0x2, 0xaa, 0x40, 0x1f, 0xfe, 0x0, 0x0, 0x0,
    0x0, 0x0, 0x0, 0x3f, 0xff, 0xf4, 0xff, 0xff,
    0xd3, 0xd0, 0x0, 0xf, 0x40, 0x0, 0x3d, 0x0,
    0x0, 0xf4, 0x0, 0x3, 0xff, 0xfe, 0xf, 0xff,
    0xf8, 0x3d, 0x0, 0x0, 0xf4, 0x0, 0x3, 0xd0,
    0x0, 0xf, 0x40, 0x0, 0x3d, 0x0, 0x0, 0xff,
    0xff, 0xd3, 0xff, 0xff, 0x40,

    /* U+0113 "ē" */
    0xf, 0xff, 0x0, 0xaa, 0xa0, 0x0, 0x0, 0x0,
    0x0, 0x0, 0x7, 0xfd, 0x2, 0xff, 0xf8, 0x7c,
    0x3, 0xdb, 0x80, 0x2e, 0xff, 0xff, 0xff, 0xaa,
    0xa9, 0xf4, 0x0, 0xb, 0x80, 0x1e, 0x7d, 0x3,
    0xe2, 0xff, 0xfc, 0x7, 0xfe, 0x0,

    /* U+0114 "Ĕ" */
    0xb, 0x3, 0x80, 0xf, 0xfc, 0x0, 0x0, 0x0,
    0x0, 0x0, 0x0, 0x3f, 0xff, 0xf4, 0xff, 0xff,
    0xd3, 0xd0, 0x0, 0xf, 0x40, 0x0, 0x3d, 0x0,
    0x0, 0xf4, 0x0, 0x3, 0xff, 0xfe, 0xf, 0xff,
    0xf8, 0x3d, 0x0, 0x0, 0xf4, 0x0, 0x3, 0xd0,
    0x0, 0xf, 0x40, 0x0, 0x3d, 0x0, 0x0, 0xff,
    0xff, 0xd3, 0xff, 0xff, 0x40,

    /* U+0115 "ĕ" */
    0xe, 0xb, 0x0, 0x7f, 0xd0, 0x0, 0x50, 0x0,
    0x0, 0x0, 0x7, 0xfd, 0x2, 0xff, 0xf8, 0x7c,
    0x3, 0xdb, 0x80, 0x2e, 0xff, 0xff, 0xff, 0xaa,
    0xa9, 0xf4, 0x0, 0xb, 0x80, 0x1e, 0x7d, 0x3,
    0xe2, 0xff, 0xfc, 0x7, 0xfe, 0x0,

    /* U+0116 "Ė" */
    0x0, 0xb8, 0x0, 0x3, 0xf0, 0x0, 0x1, 0x0,
    0x0, 0x0, 0x0, 0x3f, 0xff, 0xf4, 0xff, 0xff,
    0xd3, 0xd0, 0x0, 0xf, 0x40, 0x0, 0x3d, 0x0,
    0x0, 0xf4, 0x0, 0x3, 0xff, 0xfe, 0xf, 0xff,
    0xf8, 0x3d, 0x0, 0x0, 0xf4, 0x0, 0x3, 0xd0,
    0x0, 0xf, 0x40, 0x0, 0x3d, 0x0, 0x0, 0xff,
    0xff, 0xd3, 0xff, 0xff, 0x40,

    /* U+0117 "ė" */
    0x0, 0xf0, 0x0, 0x1f, 0x40, 0x0, 0x50, 0x0,
    0x0, 0x0, 0x7, 0xfd, 0x2, 0xff, 0xf8, 0x7c,
    0x3, 0xdb, 0x80, 0x2e, 0xff, 0xff, 0xff, 0xaa,
    0xa9, 0xf4, 0x0, 0xb, 0x80, 0x1e, 0x7d, 0x3,
    0xe2, 0xff, 0xfc, 0x7, 0xfe, 0x0,

    /* U+0118 "Ę" */
    0x3f, 0xff, 0xf4, 0xff, 0xff, 0xd3, 0xd0, 0x0,
    0xf, 0x40, 0x0, 0x3d, 0x0, 0x0, 0xf4, 0x0,
    0x3, 0xff, 0xfe, 0xf, 0xff, 0xf8, 0x3d, 0x0,
    0x0, 0xf4, 0x0, 0x3, 0xd0, 0x0, 0xf, 0x40,
    0x0, 0x3d, 0x0, 0x0, 0xff, 0xff, 0xd3, 0xff,
    0xff, 0x40, 0x1, 0xd0, 0x0, 0xe, 0x0, 0x0,
    0x3e, 0x80, 0x0, 0xbe, 0x0,

    /* U+0119 "ę" */
    0x7, 0xfd, 0x2, 0xff, 0xf8, 0x7c, 0x3, 0xdb,
    0x80, 0x2e, 0xfe, 0xab, 0xff, 0xff, 0xff, 0xf4,
    0x0, 0xb, 0x80, 0x19, 0x7d, 0x3, 0xe2, 0xff,
    0xfc, 0x7, 0xfe, 0x0, 0x7, 0x40, 0x0, 0xf0,
    0x0, 0xf, 0xa0, 0x0, 0x7e, 0x0,

    /* U+011A "Ě" */
    0x7, 0x47, 0x80, 0xb, 0xbc, 0x0, 0xf, 0xc0,
    0x0, 0x0, 0x0, 0x3f, 0xff, 0xf4, 0xff, 0xff,
    0xd3, 0xd0, 0x0, 0xf, 0x40, 0x0, 0x3d, 0x0,
    0x0, 0xf4, 0x0, 0x3, 0xff, 0xfe, 0xf, 0xff,
    0xf8, 0x3d, 0x0, 0x0, 0xf4, 0x0, 0x3, 0xd0,
    0x0, 0xf, 0x40, 0x0, 0x3d, 0x0, 0x0, 0xff,
    0xff, 0xd3, 0xff, 0xff, 0x40,

    /* U+011B "ě" */
    0xf, 0xf, 0x0, 0x3f, 0xc0, 0x1, 0xf4, 0x0,
    0x0, 0x0, 0x7, 0xfd, 0x2, 0xff, 0xf8, 0x7c,
    0x3, 0xdb, 0x80, 0x2e, 0xff, 0xff, 0xff, 0xaa,
    0xa9, 0xf4, 0x0, 0xb, 0x80, 0x1e, 0x7d, 0x3,
    0xe2, 0xff, 0xfc, 0x7, 0xfe, 0x0,

    /* U+011C "Ĝ" */
    0x0, 0xa, 0x0, 0x0, 0x3, 0xfc, 0x0, 0x0,
    0xb5, 0xe0, 0x0, 0x5, 0x6, 0x0, 0x0, 0x0,
    0x0, 0x0, 0xb, 0xfe, 0x0, 0x7, 0xff, 0xfe,
    0x1, 0xfd, 0x7, 0xf8, 0x3f, 0x0, 0xb, 0xc7,
    0xc0, 0x0, 0x28, 0xbc, 0x0, 0x0, 0xf, 0x80,
    0x0, 0x0, 0xf8, 0x2, 0xff, 0xef, 0x80, 0x2f,
    0xfe, 0xbc, 0x0, 0x3, 0xd7, 0xc0, 0x0, 0x3d,
    0x3f, 0x0, 0xb, 0xc1, 0xfd, 0x7, 0xf4, 0x7,
    0xff, 0xfe, 0x0, 0xb, 0xfe, 0x0,

    /* U+011D "ĝ" */
    0x0, 0xfc, 0x0, 0xe, 0x2c, 0x0, 0x0, 0x6,
    0x80, 0x0, 0x7e, 0x2, 0xff, 0x80, 0x3e, 0xbf,
    0x2, 0xe0, 0x3d, 0xf, 0x40, 0xb8, 0x3d, 0x2,
    0xe0, 0x7c, 0x1f, 0x0, 0xbf, 0xf4, 0x7, 0x99,
    0x0, 0x3c, 0x0, 0x0, 0xbf, 0xfe, 0x0, 0xff,
    0xff, 0x4f, 0x40, 0x3e, 0x7c, 0x0, 0xb8, 0xfe,
    0xaf, 0xc0, 0xbf, 0xf8, 0x0,

    /* U+011E "Ğ" */
    0x0, 0x80, 0x20, 0x0, 0xe, 0xb, 0x0, 0x0,
    0x3f, 0xd0, 0x0, 0x0, 0x0, 0x0, 0x0, 0x0,
    0x0, 0x0, 0xb, 0xfe, 0x0, 0x7, 0xff, 0xfe,
    0x1, 0xfd, 0x7, 0xf8, 0x3f, 0x0, 0xb, 0xc7,
    0xc0, 0x0, 0x28, 0xbc, 0x0, 0x0, 0xf, 0x80,
    0x0, 0x0, 0xf8, 0x2, 0xff, 0xef, 0x80, 0x2f,
    0xfe, 0xbc, 0x0, 0x3, 0xd7, 0xc0, 0x0, 0x3d,
    0x3f, 0x0, 0xb, 0xc1, 0xfd, 0x7, 0xf4, 0x7,
    0xff, 0xfe, 0x0, 0xb, 0xfe, 0x0,

    /* U+011F "ğ" */
    0x7, 0x47, 0x40, 0xb, 0xf8, 0x0, 0x0, 0x6,
    0x80, 0x0, 0x7e, 0x2, 0xff, 0x80, 0x3e, 0xbf,
    0x2, 0xe0, 0x3d, 0xf, 0x40, 0xb8, 0x3d, 0x2,
    0xe0, 0x7c, 0x1f, 0x0, 0xbf, 0xf4, 0x7, 0x99,
    0x0, 0x3c, 0x0, 0x0, 0xbf, 0xfe, 0x0, 0xff,
    0xff, 0x4f, 0x40, 0x3e, 0x7c, 0x0, 0xb8, 0xfe,
    0xaf, 0xc0, 0xbf, 0xf8, 0x0,

    /* U+0120 "Ġ" */
    0x0, 0xf, 0x0, 0x0, 0x0, 0xf4, 0x0, 0x0,
    0x5, 0x0, 0x0, 0x0, 0x0, 0x0, 0x0, 0xbf,
    0xe0, 0x0, 0x7f, 0xff, 0xe0, 0x1f, 0xd0, 0x7f,
    0x83, 0xf0, 0x0, 0xbc, 0x7c, 0x0, 0x2, 0x8b,
    0xc0, 0x0, 0x0, 0xf8, 0x0, 0x0, 0xf, 0x80,
    0x2f, 0xfe, 0xf8, 0x2, 0xff, 0xeb, 0xc0, 0x0,
    0x3d, 0x7c, 0x0, 0x3, 0xd3, 0xf0, 0x0, 0xbc,
    0x1f, 0xd0, 0x7f, 0x40, 0x7f, 0xff, 0xe0, 0x0,
    0xbf, 0xe0, 0x0,

    /* U+0121 "ġ" */
    0x0, 0xb8, 0x0, 0x3, 0xf0, 0x0, 0x1, 0x6,
    0x80, 0x0, 0x7e, 0x2, 0xff, 0x80, 0x3e, 0xbf,
    0x2, 0xe0, 0x3d, 0xf, 0x40, 0xb8, 0x3d, 0x2,
    0xe0, 0x7c, 0x1f, 0x0, 0xbf, 0xf4, 0x7, 0x99,
    0x0, 0x3c, 0x0, 0x0, 0xbf, 0xfe, 0x0, 0xff,
    0xff, 0x4f, 0x40, 0x3e, 0x7c, 0x0, 0xb8, 0xfe,
    0xaf, 0xc0, 0xbf, 0xf8, 0x0,

    /* U+0122 "Ģ" */
    0x0, 0xbf, 0xe0, 0x0, 0x7f, 0xff, 0xe0, 0x1f,
    0xd0, 0x7f, 0x83, 0xf0, 0x0, 0xbc, 0x7c, 0x0,
    0x2, 0x8b, 0xc0, 0x0, 0x0, 0xf8, 0x0, 0x0,
    0xf, 0x80, 0x2f, 0xfe, 0xf8, 0x2, 0xff, 0xeb,
    0xc0, 0x0, 0x3d, 0x7c, 0x0, 0x3, 0xd3, 0xf0,
    0x0, 0xbc, 0x1f, 0xd0, 0x7f, 0x40, 0x7f, 0xff,
    0xe0, 0x0, 0xbf, 0xe0, 0x0, 0x0, 0xf0, 0x0,
    0x0, 0xf, 0x40, 0x0, 0x0, 0x70, 0x0, 0x0,
    0x8, 0x0, 0x0,

    /* U+0123 "ģ" */
    0x0, 0x4, 0x0, 0x1, 0xd0, 0x0, 0xf, 0x0,
    0x0, 0x3e, 0x0, 0x0, 0x20, 0x68, 0x0, 0x7,
    0xe0, 0x2f, 0xf8, 0x3, 0xeb, 0xf0, 0x2e, 0x3,
    0xd0, 0xf4, 0xb, 0x83, 0xd0, 0x2e, 0x7, 0xc1,
    0xf0, 0xb, 0xff, 0x40, 0x79, 0x90, 0x3, 0xc0,
    0x0, 0xb, 0xff, 0xe0, 0xf, 0xff, 0xf4, 0xf4,
    0x3, 0xe7, 0xc0, 0xb, 0x8f, 0xea, 0xfc, 0xb,
    0xff, 0x80,

    /* U+0124 "Ĥ" */
    0x0, 0x2f, 0x40, 0x0, 0x1e, 0xf0, 0x0, 0xf,
    0xf, 0x0, 0x0, 0x0, 0x0, 0x3d, 0x0, 0x7,
    0xcf, 0x40, 0x1, 0xf3, 0xd0, 0x0, 0x7c, 0xf4,
    0x0, 0x1f, 0x3d, 0x0, 0x7, 0xcf, 0x40, 0x1,
    0xf3, 0xff, 0xff, 0xfc, 0xff, 0xff, 0xff, 0x3d,
    0x55, 0x5b, 0xcf, 0x40, 0x1, 0xf3, 0xd0, 0x0,
    0x7c, 0xf4, 0x0, 0x1f, 0x3d, 0x0, 0x7, 0xcf,
    0x40, 0x1, 0xf3, 0xd0, 0x0, 0x7c,

    /* U+0125 "ĥ" */
    0x0, 0x64, 0x0, 0x2f, 0xc0, 0x7, 0x8f, 0x0,
    0x50, 0x20, 0x0, 0x0, 0x7, 0xc0, 0x0, 0x7c,
    0x0, 0x7, 0xc0, 0x0, 0x7c, 0x0, 0x7, 0xcb,
    0xf4, 0x7f, 0xff, 0xd7, 0xf4, 0x3e, 0x7c, 0x2,
    0xf7, 0xc0, 0x1f, 0x7c, 0x1, 0xf7, 0xc0, 0x1f,
    0x7c, 0x1, 0xf7, 0xc0, 0x1f, 0x7c, 0x1, 0xf7,
    0xc0, 0x1f,

    /* U+0126 "Ħ" */
    0xf, 0x40, 0x1, 0xf0, 0xf, 0x40, 0x1, 0xf0,
    0x1f, 0x40, 0x2, 0xf0, 0xff, 0xff, 0xff, 0xfe,
    0x5f, 0x95, 0x56, 0xf4, 0xf, 0x40, 0x1, 0xf0,
    0xf, 0xff, 0xff, 0xf0, 0xf, 0xff, 0xff, 0xf0,
    0xf, 0x55, 0x56, 0xf0, 0xf, 0x40, 0x1, 0xf0,
    0xf, 0x40, 0x1, 0xf0, 0xf, 0x40, 0x1, 0xf0,
    0xf, 0x40, 0x1, 0xf0, 0xf, 0x40, 0x1, 0xf0,
    0xf, 0x40, 0x1, 0xf0,

    /* U+0127 "ħ" */
    0x1f, 0x0, 0x2, 0xff, 0xd0, 0x2, 0xf5, 0x0,
    0x7, 0xc0, 0x0, 0x1f, 0x2f, 0xd0, 0x7f, 0xff,
    0xd1, 0xfd, 0xf, 0x87, 0xc0, 0x2f, 0x1f, 0x0,
    0x7c, 0x7c, 0x1, 0xf1, 0xf0, 0x7, 0xc7, 0xc0,
    0x1f, 0x1f, 0x0, 0x7c, 0x7c, 0x1, 0xf1, 0xf0,
    0x7, 0xc0,

    /* U+0128 "Ĩ" */
    0x0, 0x0, 0x2f, 0x8d, 0x36, 0xfc, 0x10, 0x10,
    0x0, 0x0, 0x3, 0xd0, 0x3, 0xd0, 0x3, 0xd0,
    0x3, 0xd0, 0x3, 0xd0, 0x3, 0xd0, 0x3, 0xd0,
    0x3, 0xd0, 0x3, 0xd0, 0x3, 0xd0, 0x3, 0xd0,
    0x3, 0xd0, 0x3, 0xd0, 0x3, 0xd0, 0x3, 0xd0,

    /* U+0129 "ĩ" */
    0x2e, 0x5c, 0x7b, 0xf8, 0x0, 0x10, 0x0, 0x0,
    0x7, 0xc0, 0x7, 0xc0, 0x7, 0xc0, 0x7, 0xc0,
    0x7, 0xc0, 0x7, 0xc0, 0x7, 0xc0, 0x7, 0xc0,
    0x7, 0xc0, 0x7, 0xc0, 0x7, 0xc0,

    /* U+012A "Ī" */
    0xaa, 0xa3, 0xff, 0xc0, 0x0, 0x0, 0x0, 0xf,
    0x40, 0x3d, 0x0, 0xf4, 0x3, 0xd0, 0xf, 0x40,
    0x3d, 0x0, 0xf4, 0x3, 0xd0, 0xf, 0x40, 0x3d,
    0x0, 0xf4, 0x3, 0xd0, 0xf, 0x40, 0x3d, 0x0,
    0xf4, 0x0,

    /* U+012B "ī" */
    0x0, 0xb, 0xfc, 0x15, 0x40, 0x0, 0x1f, 0x1,
    0xf0, 0x1f, 0x1, 0xf0, 0x1f, 0x1, 0xf0, 0x1f,
    0x1, 0xf0, 0x1f, 0x1, 0xf0, 0x1f, 0x0,

    /* U+012C "Ĭ" */
    0x38, 0x2c, 0x1f, 0xf4, 0x0, 0x0, 0x0, 0x0,
    0x3, 0xd0, 0x3, 0xd0, 0x3, 0xd0, 0x3, 0xd0,
    0x3, 0xd0, 0x3, 0xd0, 0x3, 0xd0, 0x3, 0xd0,
    0x3, 0xd0, 0x3, 0xd0, 0x3, 0xd0, 0x3, 0xd0,
    0x3, 0xd0, 0x3, 0xd0, 0x3, 0xd0,

    /* U+012D "ĭ" */
    0x34, 0x28, 0x7f, 0xc0, 0x10, 0x0, 0x0, 0x7,
    0xc0, 0x1f, 0x0, 0x7c, 0x1, 0xf0, 0x7, 0xc0,
    0x1f, 0x0, 0x7c, 0x1, 0xf0, 0x7, 0xc0, 0x1f,
    0x0, 0x7c, 0x0,

    /* U+012E "Į" */
    0xf, 0x43, 0xd0, 0xf4, 0x3d, 0xf, 0x43, 0xd0,
    0xf4, 0x3d, 0xf, 0x43, 0xd0, 0xf4, 0x3d, 0xf,
    0x43, 0xd0, 0xf4, 0x70, 0x38, 0x1f, 0x92, 0xf4,

    /* U+012F "į" */
    0x1f, 0xb, 0xc0, 0x50, 0x0, 0x1f, 0x7, 0xc1,
    0xf0, 0x7c, 0x1f, 0x7, 0xc1, 0xf0, 0x7c, 0x1f,
    0x7, 0xc1, 0xf0, 0xa0, 0xb0, 0x2e, 0x83, 0xf0,

    /* U+0130 "İ" */
    0x3c, 0x7d, 0x14, 0x0, 0x3d, 0x3d, 0x3d, 0x3d,
    0x3d, 0x3d, 0x3d, 0x3d, 0x3d, 0x3d, 0x3d, 0x3d,
    0x3d, 0x3d, 0x3d,

    /* U+0131 "ı" */
    0x7d, 0xf7, 0xdf, 0x7d, 0xf7, 0xdf, 0x7d, 0xf7,
    0xc0,

    /* U+0132 "Ĳ" */
    0x3d, 0x0, 0x7c, 0x3d, 0x0, 0x7c, 0x3d, 0x0,
    0x7c, 0x3d, 0x0, 0x7c, 0x3d, 0x0, 0x7c, 0x3d,
    0x0, 0x7c, 0x3d, 0x0, 0x7c, 0x3d, 0x0, 0x7c,
    0x3d, 0x0, 0x7c, 0x3d, 0x0, 0x7c, 0x3d, 0x0,
    0x7c, 0x3d, 0x0, 0x7c, 0x3d, 0x1, 0xfc, 0x3d,
    0x2f, 0xf4, 0x3d, 0x2f, 0x90,

    /* U+0133 "ĳ" */
    0x7c, 0xb, 0x6f, 0x3, 0xe1, 0x40, 0x10, 0x0,
    0x0, 0x7c, 0xf, 0x9f, 0x3, 0xe7, 0xc0, 0xf9,
    0xf0, 0x3e, 0x7c, 0xf, 0x9f, 0x3, 0xe7, 0xc0,
    0xf9, 0xf0, 0x3e, 0x7c, 0xf, 0x9f, 0x3, 0xe7,
    0xc0, 0xf8, 0x0, 0x3e, 0x0, 0xf, 0x40, 0x3f,
    0xc0, 0xf, 0xc0,

    /* U+0134 "Ĵ" */
    0x0, 0x90, 0x0, 0xfe, 0x0, 0xf2, 0xd0, 0x20,
    0x14, 0x0, 0x0, 0x0, 0x7c, 0x0, 0x1f, 0x0,
    0x7, 0xc0, 0x1, 0xf0, 0x0, 0x7c, 0x0, 0x1f,
    0x0, 0x7, 0xc0, 0x1, 0xf0, 0x0, 0x7c, 0x0,
    0x1f, 0x0, 0x7, 0xc0, 0x2, 0xf0, 0x1, 0xf8,
    0xb, 0xfc, 0x2, 0xf8, 0x0,

    /* U+0135 "ĵ" */
    0xb, 0xd0, 0x2d, 0xf0, 0x24, 0x28, 0x0, 0x0,
    0x7, 0xc0, 0x7, 0xc0, 0x7, 0xc0, 0x7, 0xc0,
    0x7, 0xc0, 0x7, 0xc0, 0x7, 0xc0, 0x7, 0xc0,
    0x7, 0xc0, 0x7, 0xc0, 0x7, 0xc0, 0x7, 0xc0,
    0xb, 0xc0, 0x7f, 0x40, 0x7e, 0x0,

    /* U+0136 "Ķ" */
    0x3d, 0x0, 0xbd, 0xf, 0x40, 0x7d, 0x3, 0xd0,
    0x3e, 0x0, 0xf4, 0x3f, 0x0, 0x3d, 0x2f, 0x0,
    0xf, 0x5f, 0x0, 0x3, 0xdf, 0x40, 0x0, 0xff,
    0xd0, 0x0, 0x3d, 0xfc, 0x0, 0xf, 0x4f, 0xc0,
    0x3, 0xd1, 0xf8, 0x0, 0xf4, 0x2f, 0x40, 0x3d,
    0x3, 0xf0, 0xf, 0x40, 0x3f, 0x3, 0xd0, 0x7,
    0xe0, 0x0, 0x0, 0x0, 0x0, 0x2d, 0x0, 0x0,
    0xb, 0x80, 0x0, 0x1, 0xc0, 0x0, 0x0, 0x80,
    0x0,

    /* U+0137 "ķ" */
    0x7c, 0x0, 0x1, 0xf0, 0x0, 0x7, 0xc0, 0x0,
    0x1f, 0x0, 0x0, 0x7c, 0x3, 0xe1, 0xf0, 0x3e,
    0x7, 0xc3, 0xf0, 0x1f, 0x2f, 0x0, 0x7e, 0xf0,
    0x1, 0xff, 0xc0, 0x7, 0xcf, 0x80, 0x1f, 0xf,
    0x40, 0x7c, 0x1f, 0x41, 0xf0, 0x2f, 0x7, 0xc0,
    0x3f, 0x0, 0x0, 0x0, 0x0, 0xf0, 0x0, 0x2,
    0xd0, 0x0, 0x7, 0x0, 0x0, 0x20, 0x0,

    /* U+0138 "ĸ" */
    0x7c, 0x3, 0xe1, 0xf0, 0x3e, 0x7, 0xc3, 0xf0,
    0x1f, 0x2f, 0x0, 0x7e, 0xf0, 0x1, 0xff, 0xc0,
    0x7, 0xcf, 0x80, 0x1f, 0xf, 0x40, 0x7c, 0x1f,
    0x41, 0xf0, 0x2f, 0x7, 0xc0, 0x3f, 0x0,

    /* U+0139 "Ĺ" */
    0x7, 0xc0, 0x0, 0xf0, 0x0, 0x3c, 0x0, 0x0,
    0x0, 0x0, 0x3d, 0x0, 0x3, 0xd0, 0x0, 0x3d,
    0x0, 0x3, 0xd0, 0x0, 0x3d, 0x0, 0x3, 0xd0,
    0x0, 0x3d, 0x0, 0x3, 0xd0, 0x0, 0x3d, 0x0,
    0x3, 0xd0, 0x0, 0x3d, 0x0, 0x3, 0xd0, 0x0,
    0x3d, 0x0, 0x3, 0xff, 0xfe, 0x3f, 0xff, 0xe0,

    /* U+013A "ĺ" */
    0x6, 0x40, 0xf4, 0x2d, 0x2, 0x40, 0x0, 0x7,
    0xc0, 0x7c, 0x7, 0xc0, 0x7c, 0x7, 0xc0, 0x7c,
    0x7, 0xc0, 0x7c, 0x7, 0xc0, 0x7c, 0x7, 0xc0,
    0x7c, 0x7, 0xc0, 0x3f, 0x81, 0xfc,

    /* U+013B "Ļ" */
    0x3d, 0x0, 0x3, 0xd0, 0x0, 0x3d, 0x0, 0x3,
    0xd0, 0x0, 0x3d, 0x0, 0x3, 0xd0, 0x0, 0x3d,
    0x0, 0x3, 0xd0, 0x0, 0x3d, 0x0, 0x3, 0xd0,
    0x0, 0x3d, 0x0, 0x3, 0xd0, 0x0, 0x3d, 0x0,
    0x3, 0xff, 0xfe, 0x3f, 0xff, 0xe0, 0x0, 0x0,
    0x0, 0x74, 0x0, 0x7, 0x80, 0x0, 0x34, 0x0,
    0x5, 0x0,

    /* U+013C "ļ" */
    0x7c, 0x1f, 0x7, 0xc1, 0xf0, 0x7c, 0x1f, 0x7,
    0xc1, 0xf0, 0x7c, 0x1f, 0x7, 0xc1, 0xf0, 0x7c,
    0xf, 0xe1, 0xfc, 0x0, 0x1e, 0x7, 0xc0, 0xe0,
    0x50,

    /* U+013D "Ľ" */
    0x3d, 0xb, 0x83, 0xd0, 0xf0, 0x3d, 0xe, 0x3,
    0xd0, 0x80, 0x3d, 0x0, 0x3, 0xd0, 0x0, 0x3d,
    0x0, 0x3, 0xd0, 0x0, 0x3d, 0x0, 0x3, 0xd0,
    0x0, 0x3d, 0x0, 0x3, 0xd0, 0x0, 0x3d, 0x0,
    0x3, 0xff, 0xfe, 0x3f, 0xff, 0xe0,

    /* U+013E "ľ" */
    0x7c, 0xf1, 0xf3, 0x87, 0xdd, 0x1f, 0x50, 0x7c,
    0x1, 0xf0, 0x7, 0xc0, 0x1f, 0x0, 0x7c, 0x1,
    0xf0, 0x7, 0xc0, 0x1f, 0x0, 0x7c, 0x0, 0xfe,
    0x1, 0xfc, 0x0,

    /* U+013F "Ŀ" */
    0x3d, 0x0, 0x3, 0xd0, 0x0, 0x3d, 0x0, 0x3,
    0xd0, 0x0, 0x3d, 0x0, 0x3, 0xd0, 0xb8, 0x3d,
    0xf, 0xc3, 0xd0, 0xfc, 0x3d, 0x0, 0x3, 0xd0,
    0x0, 0x3d, 0x0, 0x3, 0xd0, 0x0, 0x3d, 0x0,
    0x3, 0xff, 0xfe, 0x3f, 0xff, 0xe0,

    /* U+0140 "ŀ" */
    0x7c, 0x1, 0xf0, 0x7, 0xc0, 0x1f, 0x0, 0x7c,
    0x1, 0xf0, 0x7, 0xcf, 0x9f, 0x7f, 0x7c, 0xf5,
    0xf0, 0x7, 0xc0, 0x1f, 0x0, 0x7c, 0x0, 0xfe,
    0x1, 0xfc, 0x0,

    /* U+0141 "Ł" */
    0xf, 0x40, 0x0, 0x3d, 0x0, 0x0, 0xf4, 0x0,
    0x3, 0xd0, 0x0, 0xf, 0x40, 0x0, 0x3d, 0x70,
    0x0, 0xff, 0xc0, 0x3, 0xf8, 0x0, 0x7f, 0x40,
    0x3, 0xfd, 0x0, 0x9, 0xf4, 0x0, 0x3, 0xd0,
    0x0, 0xf, 0x40, 0x0, 0x3f, 0xff, 0xe0, 0xff,
    0xff, 0x80,

    /* U+0142 "ł" */
    0x1f, 0x1, 0xf0, 0x1f, 0x1, 0xf0, 0x1f, 0x61,
    0xfe, 0x2f, 0x8b, 0xf0, 0xff, 0x9, 0xf0, 0x1f,
    0x1, 0xf0, 0x1f, 0x0, 0xfe, 0x7, 0xf0,

    /* U+0143 "Ń" */
    0x0, 0x1, 0xf0, 0x0, 0x0, 0xf0, 0x0, 0x0,
    0xf0, 0x0, 0x0, 0x0, 0x0, 0x3e, 0x0, 0x7,
    0xcf, 0xd0, 0x1, 0xf3, 0xfc, 0x0, 0x7c, 0xff,
    0x80, 0x1f, 0x3e, 0xf4, 0x7, 0xcf, 0x3f, 0x1,
    0xf3, 0xc3, 0xe0, 0x7c, 0xf0, 0xbc, 0x1f, 0x3c,
    0xf, 0xc7, 0xcf, 0x0, 0xf9, 0xf3, 0xc0, 0x2f,
    0xbc, 0xf0, 0x3, 0xff, 0x3c, 0x0, 0x3f, 0xcf,
    0x0, 0xb, 0xf3, 0xc0, 0x0, 0xfc,

    /* U+0144 "ń" */
    0x0, 0xf, 0x40, 0x3, 0xc0, 0x0, 0x60, 0x0,
    0x0, 0x0, 0x7c, 0xbf, 0x47, 0xff, 0xfd, 0x7f,
    0x3, 0xe7, 0xc0, 0x1f, 0x7c, 0x1, 0xf7, 0xc0,
    0x1f, 0x7c, 0x1, 0xf7, 0xc0, 0x1f, 0x7c, 0x1,
    0xf7, 0xc0, 0x1f, 0x7c, 0x1, 0xf0,

    /* U+0145 "Ņ" */
    0x3e, 0x0, 0x7, 0xcf, 0xd0, 0x1, 0xf3, 0xfc,
    0x0, 0x7c, 0xff, 0x80, 0x1f, 0x3e, 0xf4, 0x7,
    0xcf, 0x3f, 0x1, 0xf3, 0xc3, 0xe0, 0x7c, 0xf0,
    0xbc, 0x1f, 0x3c, 0xf, 0xc7, 0xcf, 0x0, 0xf9,
    0xf3, 0xc0, 0x2f, 0xbc, 0xf0, 0x3, 0xff, 0x3c,
    0x0, 0x3f, 0xcf, 0x0, 0xb, 0xf3, 0xc0, 0x0,
    0xfc, 0x0, 0x0, 0x0, 0x0, 0xf, 0x0, 0x0,
    0x3, 0xc0, 0x0, 0x0, 0xa0, 0x0, 0x0, 0x50,
    0x0,

    /* U+0146 "ņ" */
    0x7c, 0xbf, 0x47, 0xff, 0xfd, 0x7f, 0x3, 0xe7,
    0xc0, 0x1f, 0x7c, 0x1, 0xf7, 0xc0, 0x1f, 0x7c,
    0x1, 0xf7, 0xc0, 0x1f, 0x7c, 0x1, 0xf7, 0xc0,
    0x1f, 0x7c, 0x1, 0xf0, 0x0, 0x0, 0x0, 0xb4,
    0x0, 0xb, 0x80, 0x0, 0x70, 0x0, 0x8, 0x0,

    /* U+0147 "Ň" */
    0x0, 0xf0, 0xf0, 0x0, 0x1e, 0xb4, 0x0, 0x1,
    0xf4, 0x0, 0x0, 0x0, 0x0, 0x3e, 0x0, 0x7,
    0xcf, 0xd0, 0x1, 0xf3, 0xfc, 0x0, 0x7c, 0xff,
    0x80, 0x1f, 0x3e, 0xf4, 0x7, 0xcf, 0x3f, 0x1,
    0xf3, 0xc3, 0xe0, 0x7c, 0xf0, 0xbc, 0x1f, 0x3c,
    0xf, 0xc7, 0xcf, 0x0, 0xf9, 0xf3, 0xc0, 0x2f,
    0xbc, 0xf0, 0x3, 0xff, 0x3c, 0x0, 0x3f, 0xcf,
    0x0, 0xb, 0xf3, 0xc0, 0x0, 0xfc,

    /* U+0148 "ň" */
    0xb, 0x4b, 0x40, 0x2e, 0xd0, 0x0, 0xa8, 0x0,
    0x0, 0x0, 0x7c, 0xbf, 0x47, 0xff, 0xfd, 0x7f,
    0x3, 0xe7, 0xc0, 0x1f, 0x7c, 0x1, 0xf7, 0xc0,
    0x1f, 0x7c, 0x1, 0xf7, 0xc0, 0x1f, 0x7c, 0x1,
    0xf7, 0xc0, 0x1f, 0x7c, 0x1, 0xf0,

    /* U+0149 "ŉ" */
    0x3d, 0x0, 0x0, 0x7, 0xe0, 0x0, 0x0, 0x3e,
    0x0, 0x0, 0x0, 0xd0, 0x0, 0x0, 0x7c, 0xf5,
    0xfe, 0x6, 0xf, 0xff, 0xfc, 0x0, 0xfd, 0x7,
    0xc0, 0xf, 0x80, 0x3d, 0x0, 0xf4, 0x3, 0xd0,
    0xf, 0x40, 0x3d, 0x0, 0xf4, 0x3, 0xd0, 0xf,
    0x40, 0x3d, 0x0, 0xf4, 0x3, 0xd0, 0xf, 0x40,
    0x3d, 0x0, 0xf4, 0x3, 0xd0,

    /* U+014A "Ŋ" */
    0x3e, 0x0, 0x7, 0xcf, 0xd0, 0x1, 0xf3, 0xfc,
    0x0, 0x7c, 0xff, 0x80, 0x1f, 0x3e, 0xf4, 0x7,
    0xcf, 0x3f, 0x1, 0xf3, 0xc3, 0xe0, 0x7c, 0xf0,
    0x7d, 0x1f, 0x3c, 0xf, 0xc7, 0xcf, 0x0, 0xf9,
    0xf3, 0xc0, 0x1f, 0xfc, 0xf0, 0x3, 0xff, 0x3c,
    0x0, 0x3f, 0xcf, 0x0, 0x7, 0xf3, 0xc0, 0x0,
    0xfc, 0x0, 0x0, 0x2f, 0x0, 0x0, 0x2f, 0x80,
    0x0, 0xff, 0xc0, 0x0, 0x3f, 0x80,

    /* U+014B "ŋ" */
    0x7c, 0xbf, 0x47, 0xff, 0xfd, 0x7f, 0x3, 0xe7,
    0xc0, 0x1f, 0x7c, 0x1, 0xf7, 0xc0, 0x1f, 0x7c,
    0x1, 0xf7, 0xc0, 0x1f, 0x7c, 0x1, 0xf7, 0xc0,
    0x1f, 0x7c, 0x2, 0xf0, 0x0, 0x1f, 0x0, 0x2,
    0xf0, 0x1, 0xfd, 0x0, 0x1f, 0x80,

    /* U+014C "Ō" */
    0x0, 0xaa, 0xa0, 0x0, 0x3, 0xff, 0xc0, 0x0,
    0x0, 0x0, 0x0, 0x0, 0x0, 0x0, 0x0, 0x0,
    0xbf, 0xe4, 0x0, 0x1f, 0xff, 0xf8, 0x1, 0xfd,
    0x7, 0xf8, 0xf, 0xc0, 0x2, 0xf0, 0x7d, 0x0,
    0x3, 0xe2, 0xf0, 0x0, 0xb, 0xcf, 0x80, 0x0,
    0x2f, 0x3e, 0x0, 0x0, 0xbc, 0xf8, 0x0, 0x2,
    0xf2, 0xf0, 0x0, 0xb, 0xc7, 0xd0, 0x0, 0x3e,
    0xf, 0xc0, 0x2, 0xf0, 0x1f, 0xd0, 0x7f, 0x80,
    0x1f, 0xff, 0xf8, 0x0, 0xb, 0xfe, 0x40, 0x0,

    /* U+014D "ō" */
    0xf, 0xff, 0x0, 0x1a, 0xa8, 0x0, 0x0, 0x0,
    0x0, 0x0, 0x0, 0x7, 0xfe, 0x0, 0xbf, 0xff,
    0x7, 0xd0, 0x3e, 0x2f, 0x0, 0x7c, 0xf8, 0x0,
    0xf3, 0xd0, 0x3, 0xdf, 0x80, 0xf, 0x2f, 0x0,
    0x7c, 0x7d, 0x3, 0xe0, 0xbf, 0xff, 0x0, 0x7f,
    0xe0, 0x0,

    /* U+014E "Ŏ" */
    0x0, 0x80, 0x20, 0x0, 0x3, 0x82, 0xc0, 0x0,
    0x3, 0xfd, 0x0, 0x0, 0x0, 0x0, 0x0, 0x0,
    0x0, 0x0, 0x0, 0x2, 0xff, 0x90, 0x0, 0x7f,
    0xff, 0xe0, 0x7, 0xf4, 0x1f, 0xe0, 0x3f, 0x0,
    0xb, 0xc1, 0xf4, 0x0, 0xf, 0x8b, 0xc0, 0x0,
    0x2f, 0x3e, 0x0, 0x0, 0xbc, 0xf8, 0x0, 0x2,
    0xf3, 0xe0, 0x0, 0xb, 0xcb, 0xc0, 0x0, 0x2f,
    0x1f, 0x40, 0x0, 0xf8, 0x3f, 0x0, 0xb, 0xc0,
    0x7f, 0x41, 0xfe, 0x0, 0x7f, 0xff, 0xe0, 0x0,
    0x2f, 0xf9, 0x0,

    /* U+014F "ŏ" */
    0xb, 0x7, 0x0, 0xf, 0xf4, 0x0, 0x1, 0x0,
    0x0, 0x0, 0x0, 0x7, 0xfe, 0x0, 0xbf, 0xff,
    0x7, 0xd0, 0x3e, 0x2f, 0x0, 0x7c, 0xf8, 0x0,
    0xf3, 0xd0, 0x3, 0xdf, 0x80, 0xf, 0x2f, 0x0,
    0x7c, 0x7d, 0x3, 0xe0, 0xbf, 0xff, 0x0, 0x7f,
    0xe0, 0x0,

    /* U+0150 "Ő" */
    0x0, 0x0, 0x0, 0x0, 0x0, 0x3c, 0xf0, 0x0,
    0x3, 0xcb, 0x40, 0x0, 0x1c, 0x34, 0x0, 0x0,
    0x0, 0x0, 0x0, 0x2, 0xff, 0x90, 0x0, 0x7f,
    0xff, 0xe0, 0x7, 0xf4, 0x1f, 0xe0, 0x3f, 0x0,
    0xb, 0xc1, 0xf4, 0x0, 0xf, 0x8b, 0xc0, 0x0,
    0x2f, 0x3e, 0x0, 0x0, 0xbc, 0xf8, 0x0, 0x2,
    0xf3, 0xe0, 0x0, 0xb, 0xcb, 0xc0, 0x0, 0x2f,
    0x1f, 0x40, 0x0, 0xf8, 0x3f, 0x0, 0xb, 0xc0,
    0x7f, 0x41, 0xfe, 0x0, 0x7f, 0xff, 0xe0, 0x0,
    0x2f, 0xf9, 0x0,

    /* U+0151 "ő" */
    0x0, 0xf3, 0xc0, 0xb, 0x1d, 0x0, 0x74, 0xe0,
    0x0, 0x0, 0x0, 0x7, 0xfe, 0x0, 0xbf, 0xff,
    0x7, 0xd0, 0x3e, 0x2f, 0x0, 0x7c, 0xf8, 0x0,
    0xf3, 0xd0, 0x3, 0xdf, 0x80, 0xf, 0x2f, 0x0,
    0x7c, 0x7d, 0x3, 0xe0, 0xbf, 0xff, 0x0, 0x7f,
    0xe0, 0x0,

    /* U+0152 "Œ" */
    0x0, 0xbf, 0xe1, 0xff, 0xff, 0xc2, 0xff, 0xff,
    0xbf, 0xff, 0xf1, 0xfd, 0x7, 0xff, 0x0, 0x0,
    0xfc, 0x0, 0x2f, 0xc0, 0x0, 0x7d, 0x0, 0x3,
    0xf0, 0x0, 0x2f, 0x0, 0x0, 0xbc, 0x0, 0xf,
    0xc0, 0x0, 0x2f, 0xff, 0xf7, 0xe0, 0x0, 0xb,
    0xff, 0xfd, 0xfc, 0x0, 0x2, 0xf0, 0x0, 0x2f,
    0x0, 0x0, 0xbc, 0x0, 0x7, 0xd0, 0x0, 0x3f,
    0x0, 0x0, 0xfc, 0x0, 0x2f, 0xc0, 0x0, 0x1f,
    0xd0, 0x7f, 0xf0, 0x0, 0x2, 0xff, 0xff, 0xbf,
    0xff, 0xf0, 0xb, 0xfe, 0x1f, 0xff, 0xfc,

    /* U+0153 "œ" */
    0x7, 0xfd, 0x7, 0xfd, 0x2, 0xff, 0xfa, 0xff,
    0xf4, 0x7d, 0x3, 0xfd, 0x7, 0xcb, 0x80, 0x1f,
    0x40, 0x3d, 0xf4, 0x0, 0xfa, 0xab, 0xef, 0x40,
    0xf, 0xff, 0xfe, 0xf4, 0x0, 0xf4, 0x0, 0xb,
    0x80, 0x1f, 0x80, 0x19, 0x7d, 0x3, 0xfd, 0x3,
    0xd2, 0xff, 0xfa, 0xff, 0xfc, 0x7, 0xfd, 0x7,
    0xfe, 0x0,

    /* U+0154 "Ŕ" */
    0x0, 0xb, 0xc0, 0x0, 0x7, 0xc0, 0x0, 0x3,
    0xc0, 0x0, 0x0, 0x0, 0x0, 0x3f, 0xff, 0x90,
    0xf, 0xff, 0xfd, 0x3, 0xd0, 0x1f, 0xc0, 0xf4,
    0x1, 0xf0, 0x3d, 0x0, 0x7c, 0xf, 0x40, 0x2f,
    0x3, 0xd0, 0x1f, 0x40, 0xff, 0xff, 0x40, 0x3f,
    0xff, 0xe0, 0xf, 0x40, 0x7d, 0x3, 0xd0, 0xb,
    0xc0, 0xf4, 0x1, 0xf0, 0x3d, 0x0, 0x3d, 0xf,
    0x40, 0xf, 0x83, 0xd0, 0x2, 0xf0,

    /* U+0155 "ŕ" */
    0x0, 0xf4, 0xf, 0x40, 0x60, 0x0, 0x0, 0x7c,
    0xb5, 0xff, 0xd7, 0xf0, 0x1f, 0x0, 0x7c, 0x1,
    0xf0, 0x7, 0xc0, 0x1f, 0x0, 0x7c, 0x1, 0xf0,
    0x7, 0xc0, 0x0,

    /* U+0156 "Ŗ" */
    0x3f, 0xff, 0x90, 0xf, 0xff, 0xfd, 0x3, 0xd0,
    0x1f, 0xc0, 0xf4, 0x1, 0xf0, 0x3d, 0x0, 0x7c,
    0xf, 0x40, 0x2f, 0x3, 0xd0, 0x1f, 0x40, 0xff,
    0xff, 0x40, 0x3f, 0xff, 0xe0, 0xf, 0x40, 0x7d,
    0x3, 0xd0, 0xb, 0xc0, 0xf4, 0x1, 0xf0, 0x3d,
    0x0, 0x3d, 0xf, 0x40, 0xf, 0x83, 0xd0, 0x2,
    0xf0, 0x0, 0x0, 0x0, 0x0, 0x2d, 0x0, 0x0,
    0xb, 0x80, 0x0, 0x0, 0xd0, 0x0, 0x0, 0x50,
    0x0,

    /* U+0157 "ŗ" */
    0x7c, 0xb5, 0xff, 0xd7, 0xf0, 0x1f, 0x0, 0x7c,
    0x1, 0xf0, 0x7, 0xc0, 0x1f, 0x0, 0x7c, 0x1,
    0xf0, 0x7, 0xc0, 0x0, 0x0, 0x3c, 0x0, 0xf0,
    0x2, 0x80, 0x14, 0x0,

    /* U+0158 "Ř" */
    0x3, 0x83, 0xc0, 0x0, 0x7b, 0xc0, 0x0, 0xb,
    0xd0, 0x0, 0x0, 0x0, 0x0, 0x3f, 0xff, 0x90,
    0xf, 0xff, 0xfd, 0x3, 0xd0, 0x1f, 0xc0, 0xf4,
    0x1, 0xf0, 0x3d, 0x0, 0x7c, 0xf, 0x40, 0x2f,
    0x3, 0xd0, 0x1f, 0x40, 0xff, 0xff, 0x40, 0x3f,
    0xff, 0xe0, 0xf, 0x40, 0x7d, 0x3, 0xd0, 0xb,
    0xc0, 0xf4, 0x1, 0xf0, 0x3d, 0x0, 0x3d, 0xf,
    0x40, 0xf, 0x83, 0xd0, 0x2, 0xf0,

    /* U+0159 "ř" */
    0xb4, 0x74, 0xbb, 0x80, 0xa8, 0x0, 0x0, 0x7c,
    0xb5, 0xff, 0xd7, 0xf0, 0x1f, 0x0, 0x7c, 0x1,
    0xf0, 0x7, 0xc0, 0x1f, 0x0, 0x7c, 0x1, 0xf0,
    0x7, 0xc0, 0x0,

    /* U+015A "Ś" */
    0x0, 0x1, 0x90, 0x0, 0x1, 0xf0, 0x0, 0x0,
    0xf0, 0x0, 0x0, 0x60, 0x0, 0x0, 0x0, 0x0,
    0x0, 0xbf, 0xe4, 0x0, 0xff, 0xff, 0x80, 0xbd,
    0x3, 0xf0, 0x3e, 0x0, 0x3d, 0xf, 0xc0, 0x0,
    0x1, 0xfd, 0x0, 0x0, 0x2f, 0xf9, 0x0, 0x1,
    0xff, 0xf4, 0x0, 0x1, 0xbf, 0x40, 0x0, 0x3,
    0xf0, 0xa0, 0x0, 0xbc, 0x3e, 0x0, 0x2f, 0xb,
    0xe0, 0x2f, 0x80, 0xff, 0xff, 0xc0, 0x7, 0xff,
    0x40,

    /* U+015B "ś" */
    0x0, 0x3d, 0x0, 0x2d, 0x0, 0x1d, 0x0, 0x0,
    0x0, 0xb, 0xf8, 0x1f, 0xef, 0xcb, 0x80, 0xf6,
    0xf0, 0x1e, 0x3f, 0xe4, 0x2, 0xff, 0xc0, 0x6,
    0xf9, 0x40, 0x1f, 0xf8, 0xb, 0xdf, 0xef, 0xd1,
    0xbf, 0x90,

    /* U+015C "Ŝ" */
    0x0, 0x19, 0x0, 0x0, 0x1f, 0xd0, 0x0, 0xe,
    0x3c, 0x0, 0x5, 0x2, 0x40, 0x0, 0x0, 0x0,
    0x0, 0xbf, 0xe4, 0x0, 0xff, 0xff, 0x80, 0xbd,
    0x3, 0xf0, 0x3e, 0x0, 0x3d, 0xf, 0xc0, 0x0,
    0x1, 0xfd, 0x0, 0x0, 0x2f, 0xf9, 0x0, 0x1,
    0xff, 0xf4, 0x0, 0x1, 0xbf, 0x40, 0x0, 0x3,
    0xf0, 0xa0, 0x0, 0xbc, 0x3e, 0x0, 0x2f, 0xb,
    0xe0, 0x2f, 0x80, 0xff, 0xff, 0xc0, 0x7, 0xff,
    0x40,

    /* U+015D "ŝ" */
    0x3, 0xf0, 0x2, 0xdf, 0x1, 0xd0, 0xe0, 0x0,
    0x0, 0xb, 0xf8, 0x1f, 0xef, 0xcb, 0x80, 0xfa,
    0xf0, 0x5, 0x3f, 0xe4, 0x2, 0xff, 0xc0, 0x6,
    0xfa, 0x80, 0x1f, 0xf8, 0xb, 0xdf, 0xef, 0xd0,
    0xbf, 0x90,

    /* U+015E "Ş" */
    0x2, 0xff, 0x90, 0x3, 0xff, 0xfe, 0x2, 0xf4,
    0xf, 0xc0, 0xf8, 0x0, 0xf4, 0x3f, 0x0, 0x0,
    0x7, 0xf4, 0x0, 0x0, 0xbf, 0xe4, 0x0, 0x7,
    0xff, 0xd0, 0x0, 0x6, 0xfd, 0x0, 0x0, 0xf,
    0xc2, 0x80, 0x2, 0xf0, 0xf8, 0x0, 0xbc, 0x2f,
    0x80, 0xbe, 0x3, 0xff, 0xff, 0x0, 0x1f, 0xfd,
    0x0, 0x0, 0x38, 0x0, 0x0, 0x7, 0x80, 0x0,
    0x4, 0xf0, 0x0, 0x7, 0xf4, 0x0,

    /* U+015F "ş" */
    0xb, 0xf8, 0x1f, 0xef, 0xcb, 0x80, 0xfa, 0xf0,
    0x5, 0x3f, 0xe4, 0x2, 0xff, 0xc0, 0x6, 0xfa,
    0x80, 0x1f, 0xf8, 0xb, 0xdf, 0xef, 0xd0, 0xbf,
    0x90, 0x7, 0x80, 0x0, 0x78, 0x0, 0x5e, 0x0,
    0x7f, 0x0,

    /* U+0160 "Š" */
    0x1, 0x40, 0x40, 0x0, 0x78, 0xb0, 0x0, 0xb,
    0xf4, 0x0, 0x0, 0xf8, 0x0, 0x0, 0x0, 0x0,
    0x0, 0xbf, 0xe4, 0x0, 0xff, 0xff, 0x80, 0xbd,
    0x2, 0xf0, 0x3e, 0x0, 0x3e, 0xf, 0xc0, 0x0,
    0x1, 0xfd, 0x0, 0x0, 0x2f, 0xf9, 0x0, 0x1,
    0xff, 0xf4, 0x0, 0x1, 0xbf, 0x40, 0x0, 0x3,
    0xf0, 0xa4, 0x0, 0xbc, 0x3e, 0x0, 0x2f, 0xb,
    0xe0, 0x2f, 0x80, 0xff, 0xff, 0xc0, 0x7, 0xff,
    0x40,

    /* U+0161 "š" */
    0x1d, 0x1e, 0x2, 0xee, 0x0, 0x2e, 0x0, 0x0,
    0x0, 0xb, 0xf8, 0x1f, 0xef, 0xcb, 0x80, 0xf6,
    0xf0, 0x1e, 0x3f, 0xe4, 0x2, 0xff, 0xc0, 0x6,
    0xf9, 0x40, 0x1f, 0xf8, 0xb, 0xdf, 0xef, 0xd1,
    0xbf, 0x90,

    /* U+0162 "Ţ" */
    0xff, 0xff, 0xfb, 0xff, 0xff, 0xe0, 0xf, 0x80,
    0x0, 0x3e, 0x0, 0x0, 0xf8, 0x0, 0x3, 0xe0,
    0x0, 0xf, 0x80, 0x0, 0x3e, 0x0, 0x0, 0xf8,
    0x0, 0x3, 0xe0, 0x0, 0xf, 0x80, 0x0, 0x3e,
    0x0, 0x0, 0xf8, 0x0, 0x3, 0xe0, 0x0, 0xf,
    0x80, 0x0, 0x1c, 0x0, 0x0, 0x6c, 0x0, 0x5,
    0x74, 0x0, 0x2f, 0x80, 0x0,

    /* U+0163 "ţ" */
    0x6, 0x0, 0x3d, 0x0, 0xf4, 0x2f, 0xff, 0xbf,
    0xf8, 0x3d, 0x0, 0xf4, 0x3, 0xd0, 0xf, 0x40,
    0x3d, 0x0, 0xf4, 0x3, 0xe0, 0xb, 0xf8, 0xb,
    0xf0, 0x38, 0x0, 0x7c, 0x4, 0xb0, 0x3f, 0x40,

    /* U+0164 "Ť" */
    0xb, 0x47, 0x40, 0xf, 0xb8, 0x0, 0xf, 0xc0,
    0x0, 0x0, 0x0, 0xff, 0xff, 0xfb, 0xff, 0xff,
    0xe0, 0xf, 0x80, 0x0, 0x3e, 0x0, 0x0, 0xf8,
    0x0, 0x3, 0xe0, 0x0, 0xf, 0x80, 0x0, 0x3e,
    0x0, 0x0, 0xf8, 0x0, 0x3, 0xe0, 0x0, 0xf,
    0x80, 0x0, 0x3e, 0x0, 0x0, 0xf8, 0x0, 0x3,
    0xe0, 0x0, 0xf, 0x80, 0x0,

    /* U+0165 "ť" */
    0x0, 0xf, 0x0, 0x3, 0x80, 0xf5, 0xd0, 0x3d,
    0x60, 0xbf, 0xfc, 0x2f, 0xfe, 0x0, 0xf4, 0x0,
    0x3d, 0x0, 0xf, 0x40, 0x3, 0xd0, 0x0, 0xf4,
    0x0, 0x3d, 0x0, 0xf, 0x80, 0x2, 0xfe, 0x0,
    0x2f, 0xc0,

    /* U+0166 "Ŧ" */
    0xff, 0xff, 0xfb, 0xff, 0xff, 0xe0, 0xf, 0x80,
    0x0, 0x3e, 0x0, 0x0, 0xf8, 0x0, 0x3, 0xe0,
    0x0, 0xf, 0x80, 0x3, 0xff, 0xf0, 0xf, 0xff,
    0xc0, 0x3, 0xe0, 0x0, 0xf, 0x80, 0x0, 0x3e,
    0x0, 0x0, 0xf8, 0x0, 0x3, 0xe0, 0x0, 0xf,
    0x80, 0x0,

    /* U+0167 "ŧ" */
    0x6, 0x0, 0x3d, 0x0, 0xf4, 0x2f, 0xff, 0xbf,
    0xf8, 0x3d, 0x0, 0xf4, 0x3, 0xd0, 0xbf, 0xfc,
    0x7e, 0x40, 0xf4, 0x3, 0xe0, 0xb, 0xf8, 0xb,
    0xf0,

    /* U+0168 "Ũ" */
    0x0, 0x0, 0x0, 0x0, 0x3f, 0x6c, 0x0, 0x2d,
    0xfd, 0x0, 0x0, 0x0, 0x0, 0x0, 0x0, 0x0,
    0x1f, 0x0, 0x3, 0xe7, 0xc0, 0x0, 0xf9, 0xf0,
    0x0, 0x3e, 0x7c, 0x0, 0xf, 0x9f, 0x0, 0x3,
    0xe7, 0xc0, 0x0, 0xf9, 0xf0, 0x0, 0x3e, 0x7c,
    0x0, 0xf, 0x9f, 0x0, 0x3, 0xe7, 0xc0, 0x0,
    0xf8, 0xf4, 0x0, 0x3d, 0x3e, 0x0, 0x2f, 0xb,
    0xe4, 0x2f, 0xc0, 0xff, 0xff, 0xc0, 0x7, 0xff,
    0x80,

    /* U+0169 "ũ" */
    0x7, 0xe3, 0x40, 0xeb, 0xf0, 0x4, 0x4, 0x0,
    0x0, 0x0, 0x7c, 0x1, 0xf7, 0xc0, 0x1f, 0x7c,
    0x1, 0xf7, 0xc0, 0x1f, 0x7c, 0x1, 0xf7, 0xc0,
    0x1f, 0x7c, 0x1, 0xf7, 0xc0, 0x2f, 0x7d, 0xb,
    0xf3, 0xff, 0xef, 0xf, 0xe1, 0xf0,

    /* U+016A "Ū" */
    0x0, 0xaa, 0x90, 0x0, 0x7f, 0xf8, 0x0, 0x0,
    0x0, 0x0, 0x0, 0x0, 0x0, 0x7c, 0x0, 0xf,
    0x9f, 0x0, 0x3, 0xe7, 0xc0, 0x0, 0xf9, 0xf0,
    0x0, 0x3e, 0x7c, 0x0, 0xf, 0x9f, 0x0, 0x3,
    0xe7, 0xc0, 0x0, 0xf9, 0xf0, 0x0, 0x3e, 0x7c,
    0x0, 0xf, 0x9f, 0x0, 0x3, 0xe3, 0xd0, 0x0,
    0xf4, 0xf8, 0x0, 0xbc, 0x2f, 0x90, 0xbf, 0x3,
    0xff, 0xff, 0x0, 0x1f, 0xfe, 0x0,

    /* U+016B "ū" */
    0xf, 0xff, 0x0, 0x6a, 0xa0, 0x0, 0x0, 0x0,
    0x0, 0x0, 0x7c, 0x1, 0xf7, 0xc0, 0x1f, 0x7c,
    0x1, 0xf7, 0xc0, 0x1f, 0x7c, 0x1, 0xf7, 0xc0,
    0x1f, 0x7c, 0x1, 0xf7, 0xc0, 0x2f, 0x7d, 0xb,
    0xf3, 0xff, 0xef, 0xf, 0xe1, 0xf0,

    /* U+016C "Ŭ" */
    0x1, 0x40, 0x50, 0x0, 0x74, 0x78, 0x0, 0xb,
    0xf8, 0x0, 0x0, 0x0, 0x0, 0x0, 0x0, 0x0,
    0x1f, 0x0, 0x3, 0xe7, 0xc0, 0x0, 0xf9, 0xf0,
    0x0, 0x3e, 0x7c, 0x0, 0xf, 0x9f, 0x0, 0x3,
    0xe7, 0xc0, 0x0, 0xf9, 0xf0, 0x0, 0x3e, 0x7c,
    0x0, 0xf, 0x9f, 0x0, 0x3, 0xe7, 0xc0, 0x0,
    0xf8, 0xf4, 0x0, 0x3d, 0x3e, 0x0, 0x2f, 0xb,
    0xe4, 0x2f, 0xc0, 0xff, 0xff, 0xc0, 0x7, 0xff,
    0x80,

    /* U+016D "ŭ" */
    0xb, 0x7, 0x0, 0x3f, 0xd0, 0x0, 0x10, 0x0,
    0x0, 0x0, 0x7c, 0x1, 0xf7, 0xc0, 0x1f, 0x7c,
    0x1, 0xf7, 0xc0, 0x1f, 0x7c, 0x1, 0xf7, 0xc0,
    0x1f, 0x7c, 0x1, 0xf7, 0xc0, 0x2f, 0x7d, 0xb,
    0xf3, 0xff, 0xef, 0xf, 0xe1, 0xf0,

    /* U+016E "Ů" */
    0x0, 0x2f, 0x0, 0x0, 0x2c, 0xa0, 0x0, 0xa,
    0x2c, 0x0, 0x0, 0xfd, 0x0, 0x0, 0x0, 0x0,
    0x1f, 0x0, 0x3, 0xe7, 0xc0, 0x0, 0xf9, 0xf0,
    0x0, 0x3e, 0x7c, 0x0, 0xf, 0x9f, 0x0, 0x3,
    0xe7, 0xc0, 0x0, 0xf9, 0xf0, 0x0, 0x3e, 0x7c,
    0x0, 0xf, 0x9f, 0x0, 0x3, 0xe7, 0xc0, 0x0,
    0xf8, 0xf4, 0x0, 0x3d, 0x3e, 0x0, 0x2f, 0xb,
    0xe4, 0x2f, 0xc0, 0xff, 0xff, 0xc0, 0x7, 0xff,
    0x80,

    /* U+016F "ů" */
    0x0, 0xf8, 0x0, 0x39, 0xd0, 0x3, 0xd, 0x0,
    0x34, 0xd0, 0x1, 0xf8, 0x0, 0x0, 0x0, 0x7c,
    0x1, 0xf7, 0xc0, 0x1f, 0x7c, 0x1, 0xf7, 0xc0,
    0x1f, 0x7c, 0x1, 0xf7, 0xc0, 0x1f, 0x7c, 0x1,
    0xf7, 0xc0, 0x2f, 0x7d, 0xb, 0xf3, 0xff, 0xef,
    0xf, 0xe1, 0xf0,

    /* U+0170 "Ű" */
    0x0, 0x0, 0x0, 0x0, 0xb, 0x5e, 0x0, 0x7,
    0x4e, 0x0, 0x3, 0x8b, 0x0, 0x0, 0x0, 0x0,
    0x1f, 0x0, 0x3, 0xe7, 0xc0, 0x0, 0xf9, 0xf0,
    0x0, 0x3e, 0x7c, 0x0, 0xf, 0x9f, 0x0, 0x3,
    0xe7, 0xc0, 0x0, 0xf9, 0xf0, 0x0, 0x3e, 0x7c,
    0x0, 0xf, 0x9f, 0x0, 0x3, 0xe7, 0xc0, 0x0,
    0xf8, 0xf4, 0x0, 0x3d, 0x3e, 0x0, 0x2f, 0xb,
    0xe4, 0x2f, 0xc0, 0xff, 0xff, 0xc0, 0x7, 0xff,
    0x80,

    /* U+0171 "ű" */
    0x0, 0xf3, 0xc0, 0x2c, 0x74, 0x7, 0x4e, 0x0,
    0x0, 0x0, 0x7c, 0x1, 0xf7, 0xc0, 0x1f, 0x7c,
    0x1, 0xf7, 0xc0, 0x1f, 0x7c, 0x1, 0xf7, 0xc0,
    0x1f, 0x7c, 0x1, 0xf7, 0xc0, 0x2f, 0x7d, 0xb,
    0xf3, 0xff, 0xef, 0xf, 0xe1, 0xf0,

    /* U+0172 "Ų" */
    0x7c, 0x0, 0xf, 0x9f, 0x0, 0x3, 0xe7, 0xc0,
    0x0, 0xf9, 0xf0, 0x0, 0x3e, 0x7c, 0x0, 0xf,
    0x9f, 0x0, 0x3, 0xe7, 0xc0, 0x0, 0xf9, 0xf0,
    0x0, 0x3e, 0x7c, 0x0, 0xf, 0x9f, 0x0, 0x3,
    0xe3, 0xd0, 0x0, 0xf4, 0xf8, 0x0, 0xbc, 0x2f,
    0x90, 0xbf, 0x3, 0xff, 0xff, 0x0, 0x1f, 0xfe,
    0x0, 0x0, 0x1d, 0x0, 0x0, 0xf, 0x0, 0x0,
    0x3, 0xe8, 0x0, 0x0, 0x7e, 0x0,

    /* U+0173 "ų" */
    0x7c, 0x1, 0xf7, 0xc0, 0x1f, 0x7c, 0x1, 0xf7,
    0xc0, 0x1f, 0x7c, 0x1, 0xf7, 0xc0, 0x1f, 0x7c,
    0x1, 0xf7, 0xc0, 0x2f, 0x7d, 0xb, 0xf3, 0xff,
    0xef, 0xf, 0xe1, 0xf0, 0x0, 0x74, 0x0, 0xf,
    0x0, 0x0, 0xfa, 0x0, 0x7, 0xe0,

    /* U+0174 "Ŵ" */
    0x0, 0x0, 0x7e, 0x0, 0x0, 0x0, 0x0, 0x3e,
    0xd0, 0x0, 0x0, 0x0, 0x3c, 0x2c, 0x0, 0x0,
    0x0, 0x0, 0x0, 0x0, 0x0, 0xfc, 0x0, 0x7e,
    0x0, 0x2f, 0x2f, 0x0, 0x2f, 0xc0, 0xf, 0x83,
    0xd0, 0xf, 0xf0, 0x3, 0xd0, 0xf8, 0x3, 0xfd,
    0x1, 0xf0, 0x2f, 0x1, 0xeb, 0x80, 0xbc, 0x7,
    0xc0, 0xb5, 0xf0, 0x3e, 0x0, 0xf4, 0x3c, 0x3c,
    0xf, 0x40, 0x3e, 0xf, 0xf, 0x47, 0xc0, 0xb,
    0xc7, 0x81, 0xe2, 0xe0, 0x1, 0xf2, 0xd0, 0x3c,
    0xf4, 0x0, 0x3d, 0xf0, 0xf, 0x7c, 0x0, 0xb,
    0xfc, 0x2, 0xff, 0x0, 0x1, 0xfe, 0x0, 0x7f,
    0x80, 0x0, 0x3f, 0x40, 0xf, 0xd0, 0x0, 0xf,
    0xc0, 0x3, 0xf0, 0x0,

    /* U+0175 "ŵ" */
    0x0, 0x7, 0xe0, 0x0, 0x0, 0x3, 0xde, 0x0,
    0x0, 0x2, 0x81, 0x80, 0x0, 0x0, 0x0, 0x0,
    0x0, 0xf8, 0x3, 0xe0, 0xf, 0x1f, 0x1, 0xfc,
    0x7, 0xc3, 0xc0, 0xbf, 0x2, 0xd0, 0xf4, 0x3e,
    0xd0, 0xf0, 0x2e, 0x1e, 0x78, 0x3c, 0x7, 0xcb,
    0x4f, 0x1e, 0x0, 0xf3, 0xc3, 0xdf, 0x40, 0x2e,
    0xf0, 0x7b, 0xc0, 0x7, 0xf8, 0xf, 0xe0, 0x0,
    0xfc, 0x3, 0xf4, 0x0, 0x2f, 0x0, 0xbc, 0x0,

    /* U+0176 "Ŷ" */
    0x0, 0x0, 0x0, 0x0, 0x1f, 0xc0, 0x0, 0xe,
    0x78, 0x0, 0xa, 0x7, 0x0, 0x0, 0x0, 0x0,
    0x2f, 0x0, 0xb, 0xc3, 0xd0, 0x3, 0xe0, 0xbc,
    0x2, 0xf0, 0xf, 0x80, 0xf8, 0x2, 0xf0, 0xbc,
    0x0, 0x3e, 0x3d, 0x0, 0xb, 0xef, 0x0, 0x0,
    0xff, 0x40, 0x0, 0x1f, 0xc0, 0x0, 0x3, 0xd0,
    0x0, 0x0, 0xf4, 0x0, 0x0, 0x3d, 0x0, 0x0,
    0xf, 0x40, 0x0, 0x3, 0xd0, 0x0, 0x0, 0xf4,
    0x0,

    /* U+0177 "ŷ" */
    0x1, 0xf8, 0x0, 0xf, 0x78, 0x0, 0xa0, 0x60,
    0x0, 0x0, 0x0, 0xf8, 0x0, 0xf1, 0xf0, 0x7,
    0xc3, 0xd0, 0x2e, 0xb, 0x80, 0xf0, 0x1f, 0x7,
    0xc0, 0x3d, 0x2d, 0x0, 0xb8, 0xf0, 0x0, 0xf7,
    0xc0, 0x3, 0xfd, 0x0, 0x7, 0xf0, 0x0, 0xf,
    0x80, 0x0, 0x3d, 0x0, 0x2, 0xf0, 0x0, 0xff,
    0x40, 0x3, 0xf8, 0x0, 0x0,

    /* U+0178 "Ÿ" */
    0x2, 0xc2, 0xc0, 0x0, 0xf4, 0xf0, 0x0, 0x0,
    0x0, 0x0, 0x0, 0x0, 0x0, 0xbc, 0x0, 0x2f,
    0xf, 0x40, 0xf, 0x82, 0xf0, 0xb, 0xc0, 0x3e,
    0x3, 0xe0, 0xb, 0xc2, 0xf0, 0x0, 0xf8, 0xf4,
    0x0, 0x2f, 0xbc, 0x0, 0x3, 0xfd, 0x0, 0x0,
    0x7f, 0x0, 0x0, 0xf, 0x40, 0x0, 0x3, 0xd0,
    0x0, 0x0, 0xf4, 0x0, 0x0, 0x3d, 0x0, 0x0,
    0xf, 0x40, 0x0, 0x3, 0xd0, 0x0,

    /* U+0179 "Ź" */
    0x0, 0xb, 0xc0, 0x0, 0xf, 0x0, 0x0, 0x3c,
    0x0, 0x0, 0x0, 0x0, 0x3f, 0xff, 0xfc, 0x3f,
    0xff, 0xfc, 0x0, 0x2, 0xf4, 0x0, 0x3, 0xe0,
    0x0, 0xf, 0xc0, 0x0, 0x1f, 0x40, 0x0, 0x3e,
    0x0, 0x0, 0xfc, 0x0, 0x2, 0xf4, 0x0, 0x3,
    0xe0, 0x0, 0xf, 0xc0, 0x0, 0x2f, 0x40, 0x0,
    0x3e, 0x0, 0x0, 0xbf, 0xff, 0xfc, 0xbf, 0xff,
    0xfc,

    /* U+017A "ź" */
    0x0, 0x1f, 0x0, 0x7, 0xc0, 0x0, 0xa0, 0x0,
    0x0, 0x0, 0x3f, 0xff, 0xc2, 0xff, 0xfc, 0x0,
    0x1f, 0x40, 0x3, 0xe0, 0x0, 0xfc, 0x0, 0x2f,
    0x0, 0x7, 0xd0, 0x0, 0xf8, 0x0, 0x2f, 0x0,
    0x3, 0xff, 0xfc, 0x3f, 0xff, 0xc0,

    /* U+017B "Ż" */
    0x0, 0x3c, 0x0, 0x0, 0x7c, 0x0, 0x0, 0x14,
    0x0, 0x0, 0x0, 0x0, 0x3f, 0xff, 0xfc, 0x3f,
    0xff, 0xfc, 0x0, 0x2, 0xf4, 0x0, 0x3, 0xe0,
    0x0, 0xf, 0xc0, 0x0, 0x1f, 0x40, 0x0, 0x3e,
    0x0, 0x0, 0xfc, 0x0, 0x2, 0xf4, 0x0, 0x3,
    0xe0, 0x0, 0xf, 0xc0, 0x0, 0x2f, 0x40, 0x0,
    0x3e, 0x0, 0x0, 0xbf, 0xff, 0xfc, 0xbf, 0xff,
    0xfc,

    /* U+017C "ż" */
    0x0, 0xf0, 0x0, 0x1f, 0x40, 0x0, 0x50, 0x0,
    0x0, 0x0, 0x3f, 0xff, 0xc2, 0xff, 0xfc, 0x0,
    0x1f, 0x40, 0x3, 0xe0, 0x0, 0xfc, 0x0, 0x2f,
    0x0, 0x7, 0xd0, 0x0, 0xf8, 0x0, 0x2f, 0x0,
    0x3, 0xff, 0xfc, 0x3f, 0xff, 0xc0,

    /* U+017D "Ž" */
    0x3, 0x83, 0xc0, 0x1, 0xef, 0x0, 0x0, 0xbd,
    0x0, 0x0, 0x0, 0x0, 0x3f, 0xff, 0xfc, 0x3f,
    0xff, 0xfc, 0x0, 0x2, 0xf4, 0x0, 0x3, 0xe0,
    0x0, 0xf, 0xc0, 0x0, 0x1f, 0x40, 0x0, 0x3e,
    0x0, 0x0, 0xfc, 0x0, 0x2, 0xf4, 0x0, 0x3,
    0xe0, 0x0, 0xf, 0xc0, 0x0, 0x2f, 0x40, 0x0,
    0x3e, 0x0, 0x0, 0xbf, 0xff, 0xfc, 0xbf, 0xff,
    0xfc,

    /* U+017E "ž" */
    0xf, 0xf, 0x0, 0x3f, 0xc0, 0x0, 0xa4, 0x0,
    0x0, 0x0, 0x3f, 0xff, 0xc2, 0xff, 0xfc, 0x0,
    0x1f, 0x40, 0x3, 0xe0, 0x0, 0xfc, 0x0, 0x2f,
    0x0, 0x7, 0xd0, 0x0, 0xf8, 0x0, 0x2f, 0x0,
    0x3, 0xff, 0xfc, 0x3f, 0xff, 0xc0,

    /* U+017F "ſ" */
    0x2, 0xf8, 0x2f, 0xe0, 0xf8, 0x3, 0xd0, 0xbf,
    0x42, 0xfd, 0x0, 0xf4, 0x3, 0xd0, 0xf, 0x40,
    0x3d, 0x0, 0xf4, 0x3, 0xd0, 0xf, 0x40, 0x3d,
    0x0, 0xf4, 0x0
};


/*---------------------
 *  GLYPH DESCRIPTION
 *--------------------*/

static const lv_font_fmt_txt_glyph_dsc_t glyph_dsc[] = {
    {.bitmap_index = 0, .adv_w = 0, .box_w = 0, .box_h = 0, .ofs_x = 0, .ofs_y = 0} /* id = 0 reserved */,
    {.bitmap_index = 0, .adv_w = 72, .box_w = 0, .box_h = 0, .ofs_x = 0, .ofs_y = 0},
    {.bitmap_index = 0, .adv_w = 103, .box_w = 4, .box_h = 15, .ofs_x = 1, .ofs_y = 0},
    {.bitmap_index = 15, .adv_w = 139, .box_w = 7, .box_h = 6, .ofs_x = 1, .ofs_y = 9},
    {.bitmap_index = 26, .adv_w = 189, .box_w = 12, .box_h = 15, .ofs_x = 0, .ofs_y = 0},
    {.bitmap_index = 71, .adv_w = 188, .box_w = 11, .box_h = 19, .ofs_x = 0, .ofs_y = -2},
    {.bitmap_index = 124, .adv_w = 293, .box_w = 18, .box_h = 15, .ofs_x = 0, .ofs_y = 0},
    {.bitmap_index = 192, .adv_w = 232, .box_w = 14, .box_h = 15, .ofs_x = 1, .ofs_y = 0},
    {.bitmap_index = 245, .adv_w = 78, .box_w = 3, .box_h = 6, .ofs_x = 1, .ofs_y = 9},
    {.bitmap_index = 250, .adv_w = 103, .box_w = 5, .box_h = 19, .ofs_x = 1, .ofs_y = -4},
    {.bitmap_index = 274, .adv_w = 103, .box_w = 6, .box_h = 19, .ofs_x = 0, .ofs_y = -4},
    {.bitmap_index = 303, .adv_w = 161, .box_w = 10, .box_h = 9, .ofs_x = 0, .ofs_y = 6},
    {.bitmap_index = 326, .adv_w = 188, .box_w = 10, .box_h = 10, .ofs_x = 1, .ofs_y = 2},
    {.bitmap_index = 351, .adv_w = 103, .box_w = 4, .box_h = 8, .ofs_x = 1, .ofs_y = -4},
    {.bitmap_index = 359, .adv_w = 120, .box_w = 7, .box_h = 3, .ofs_x = 0, .ofs_y = 4},
    {.bitmap_index = 365, .adv_w = 103, .box_w = 4, .box_h = 4, .ofs_x = 1, .ofs_y = 0},
    {.bitmap_index = 369, .adv_w = 128, .box_w = 8, .box_h = 15, .ofs_x = 0, .ofs_y = 0},
    {.bitmap_index = 399, .adv_w = 188, .box_w = 11, .box_h = 15, .ofs_x = 0, .ofs_y = 0},
    {.bitmap_index = 441, .adv_w = 188, .box_w = 8, .box_h = 15, .ofs_x = 1, .ofs_y = 0},
    {.bitmap_index = 471, .adv_w = 188, .box_w = 11, .box_h = 15, .ofs_x = 0, .ofs_y = 0},
    {.bitmap_index = 513, .adv_w = 188, .box_w = 11, .box_h = 15, .ofs_x = 0, .ofs_y = 0},
    {.bitmap_index = 555, .adv_w = 188, .box_w = 12, .box_h = 15, .ofs_x = 0, .ofs_y = 0},
    {.bitmap_index = 600, .adv_w = 188, .box_w = 11, .box_h = 15, .ofs_x = 0, .ofs_y = 0},
    {.bitmap_index = 642, .adv_w = 188, .box_w = 11, .box_h = 15, .ofs_x = 0, .ofs_y = 0},
    {.bitmap_index = 684, .adv_w = 188, .box_w = 11, .box_h = 15, .ofs_x = 0, .ofs_y = 0},
    {.bitmap_index = 726, .adv_w = 188, .box_w = 11, .box_h = 15, .ofs_x = 0, .ofs_y = 0},
    {.bitmap_index = 768, .adv_w = 188, .box_w = 11, .box_h = 15, .ofs_x = 0, .ofs_y = 0},
    {.bitmap_index = 810, .adv_w = 103, .box_w = 4, .box_h = 11, .ofs_x = 1, .ofs_y = 0},
    {.bitmap_index = 821, .adv_w = 103, .box_w = 4, .box_h = 15, .ofs_x = 1, .ofs_y = -4},
    {.bitmap_index = 836, .adv_w = 188, .box_w = 10, .box_h = 12, .ofs_x = 1, .ofs_y = 1},
    {.bitmap_index = 866, .adv_w = 188, .box_w = 10, .box_h = 6, .ofs_x = 1, .ofs_y = 5},
    {.bitmap_index = 881, .adv_w = 188, .box_w = 10, .box_h = 12, .ofs_x = 1, .ofs_y = 1},
    {.bitmap_index = 911, .adv_w = 179, .box_w = 11, .box_h = 15, .ofs_x = 0, .ofs_y = 0},
    {.bitmap_index = 953, .adv_w = 316, .box_w = 18, .box_h = 17, .ofs_x = 1, .ofs_y = -2},
    {.bitmap_index = 1030, .adv_w = 213, .box_w = 14, .box_h = 15, .ofs_x = 0, .ofs_y = 0},
    {.bitmap_index = 1083, .adv_w = 215, .box_w = 12, .box_h = 15, .ofs_x = 1, .ofs_y = 0},
    {.bitmap_index = 1128, .adv_w = 246, .box_w = 14, .box_h = 15, .ofs_x = 1, .ofs_y = 0},
    {.bitmap_index = 1181, .adv_w = 245, .box_w = 14, .box_h = 15, .ofs_x = 1, .ofs_y = 0},
    {.bitmap_index = 1234, .adv_w = 199, .box_w = 11, .box_h = 15, .ofs_x = 1, .ofs_y = 0},
    {.bitmap_index = 1276, .adv_w = 187, .box_w = 11, .box_h = 15, .ofs_x = 1, .ofs_y = 0},
    {.bitmap_index = 1318, .adv_w = 251, .box_w = 14, .box_h = 15, .ofs_x = 1, .ofs_y = 0},
    {.bitmap_index = 1371, .adv_w = 253, .box_w = 13, .box_h = 15, .ofs_x = 1, .ofs_y = 0},
    {.bitmap_index = 1420, .adv_w = 98, .box_w = 4, .box_h = 15, .ofs_x = 1, .ofs_y = 0},
    {.bitmap_index = 1435, .adv_w = 123, .box_w = 7, .box_h = 15, .ofs_x = 0, .ofs_y = 0},
    {.bitmap_index = 1462, .adv_w = 210, .box_w = 13, .box_h = 15, .ofs_x = 1, .ofs_y = 0},
    {.bitmap_index = 1511, .adv_w = 178, .box_w = 10, .box_h = 15, .ofs_x = 1, .ofs_y = 0},
    {.bitmap_index = 1549, .adv_w = 283, .box_w = 15, .box_h = 15, .ofs_x = 1, .ofs_y = 0},
    {.bitmap_index = 1606, .adv_w = 251, .box_w = 13, .box_h = 15, .ofs_x = 1, .ofs_y = 0},
    {.bitmap_index = 1655, .adv_w = 259, .box_w = 15, .box_h = 15, .ofs_x = 1, .ofs_y = 0},
    {.bitmap_index = 1712, .adv_w = 208, .box_w = 12, .box_h = 15, .ofs_x = 1, .ofs_y = 0},
    {.bitmap_index = 1757, .adv_w = 259, .box_w = 15, .box_h = 19, .ofs_x = 1, .ofs_y = -4},
    {.bitmap_index = 1829, .adv_w = 218, .box_w = 13, .box_h = 15, .ofs_x = 1, .ofs_y = 0},
    {.bitmap_index = 1878, .adv_w = 205, .box_w = 13, .box_h = 15, .ofs_x = 0, .ofs_y = 0},
    {.bitmap_index = 1927, .adv_w = 173, .box_w = 11, .box_h = 15, .ofs_x = 0, .ofs_y = 0},
    {.bitmap_index = 1969, .adv_w = 242, .box_w = 13, .box_h = 15, .ofs_x = 1, .ofs_y = 0},
    {.bitmap_index = 2018, .adv_w = 212, .box_w = 14, .box_h = 15, .ofs_x = 0, .ofs_y = 0},
    {.bitmap_index = 2071, .adv_w = 323, .box_w = 21, .box_h = 15, .ofs_x = 0, .ofs_y = 0},
    {.bitmap_index = 2150, .adv_w = 203, .box_w = 13, .box_h = 15, .ofs_x = 0, .ofs_y = 0},
    {.bitmap_index = 2199, .adv_w = 198, .box_w = 13, .box_h = 15, .ofs_x = 0, .ofs_y = 0},
    {.bitmap_index = 2248, .adv_w = 187, .box_w = 12, .box_h = 15, .ofs_x = 0, .ofs_y = 0},
    {.bitmap_index = 2293, .adv_w = 111, .box_w = 6, .box_h = 19, .ofs_x = 1, .ofs_y = -4},
    {.bitmap_index = 2322, .adv_w = 128, .box_w = 8, .box_h = 15, .ofs_x = 0, .ofs_y = 0},
    {.bitmap_index = 2352, .adv_w = 111, .box_w = 6, .box_h = 19, .ofs_x = 0, .ofs_y = -4},
    {.bitmap_index = 2381, .adv_w = 188, .box_w = 10, .box_h = 7, .ofs_x = 1, .ofs_y = 9},
    {.bitmap_index = 2399, .adv_w = 162, .box_w = 11, .box_h = 2, .ofs_x = 0, .ofs_y = -3},
    {.bitmap_index = 2405, .adv_w = 194, .box_w = 6, .box_h = 3, .ofs_x = 2, .ofs_y = 12},
    {.bitmap_index = 2410, .adv_w = 191, .box_w = 10, .box_h = 11, .ofs_x = 1, .ofs_y = 0},
    {.bitmap_index = 2438, .adv_w = 202, .box_w = 11, .box_h = 15, .ofs_x = 1, .ofs_y = 0},
    {.bitmap_index = 2480, .adv_w = 189, .box_w = 10, .box_h = 11, .ofs_x = 1, .ofs_y = 0},
    {.bitmap_index = 2508, .adv_w = 202, .box_w = 10, .box_h = 15, .ofs_x = 1, .ofs_y = 0},
    {.bitmap_index = 2546, .adv_w = 191, .box_w = 10, .box_h = 11, .ofs_x = 1, .ofs_y = 0},
    {.bitmap_index = 2574, .adv_w = 112, .box_w = 7, .box_h = 15, .ofs_x = 0, .ofs_y = 0},
    {.bitmap_index = 2601, .adv_w = 175, .box_w = 11, .box_h = 17, .ofs_x = 0, .ofs_y = -4},
    {.bitmap_index = 2648, .adv_w = 199, .box_w = 10, .box_h = 15, .ofs_x = 1, .ofs_y = 0},
    {.bitmap_index = 2686, .adv_w = 89, .box_w = 4, .box_h = 15, .ofs_x = 1, .ofs_y = 0},
    {.bitmap_index = 2701, .adv_w = 89, .box_w = 6, .box_h = 19, .ofs_x = -1, .ofs_y = -4},
    {.bitmap_index = 2730, .adv_w = 180, .box_w = 11, .box_h = 15, .ofs_x = 1, .ofs_y = 0},
    {.bitmap_index = 2772, .adv_w = 98, .box_w = 5, .box_h = 15, .ofs_x = 1, .ofs_y = 0},
    {.bitmap_index = 2791, .adv_w = 307, .box_w = 17, .box_h = 11, .ofs_x = 1, .ofs_y = 0},
    {.bitmap_index = 2838, .adv_w = 199, .box_w = 10, .box_h = 11, .ofs_x = 1, .ofs_y = 0},
    {.bitmap_index = 2866, .adv_w = 198, .box_w = 11, .box_h = 11, .ofs_x = 1, .ofs_y = 0},
    {.bitmap_index = 2897, .adv_w = 202, .box_w = 11, .box_h = 15, .ofs_x = 1, .ofs_y = -4},
    {.bitmap_index = 2939, .adv_w = 202, .box_w = 10, .box_h = 15, .ofs_x = 1, .ofs_y = -4},
    {.bitmap_index = 2977, .adv_w = 124, .box_w = 7, .box_h = 11, .ofs_x = 1, .ofs_y = 0},
    {.bitmap_index = 2997, .adv_w = 176, .box_w = 9, .box_h = 11, .ofs_x = 1, .ofs_y = 0},
    {.bitmap_index = 3022, .adv_w = 119, .box_w = 7, .box_h = 14, .ofs_x = 0, .ofs_y = 0},
    {.bitmap_index = 3047, .adv_w = 201, .box_w = 10, .box_h = 11, .ofs_x = 1, .ofs_y = 0},
    {.bitmap_index = 3075, .adv_w = 166, .box_w = 11, .box_h = 11, .ofs_x = 0, .ofs_y = 0},
    {.bitmap_index = 3106, .adv_w = 261, .box_w = 17, .box_h = 11, .ofs_x = 0, .ofs_y = 0},
    {.bitmap_index = 3153, .adv_w = 165, .box_w = 11, .box_h = 11, .ofs_x = 0, .ofs_y = 0},
    {.bitmap_index = 3184, .adv_w = 166, .box_w = 11, .box_h = 15, .ofs_x = 0, .ofs_y = -4},
    {.bitmap_index = 3226, .adv_w = 159, .box_w = 10, .box_h = 11, .ofs_x = 0, .ofs_y = 0},
    {.bitmap_index = 3254, .adv_w = 111, .box_w = 7, .box_h = 19, .ofs_x = 0, .ofs_y = -4},
    {.bitmap_index = 3288, .adv_w = 95, .box_w = 2, .box_h = 19, .ofs_x = 2, .ofs_y = -4},
    {.bitmap_index = 3298, .adv_w = 111, .box_w = 7, .box_h = 19, .ofs_x = 0, .ofs_y = -4},
    {.bitmap_index = 3332, .adv_w = 188, .box_w = 12, .box_h = 4, .ofs_x = 0, .ofs_y = 6},
    {.bitmap_index = 3344, .adv_w = 72, .box_w = 0, .box_h = 0, .ofs_x = 0, .ofs_y = 0},
    {.bitmap_index = 3344, .adv_w = 103, .box_w = 4, .box_h = 15, .ofs_x = 1, .ofs_y = -4},
    {.bitmap_index = 3359, .adv_w = 188, .box_w = 10, .box_h = 15, .ofs_x = 1, .ofs_y = -2},
    {.bitmap_index = 3397, .adv_w = 188, .box_w = 11, .box_h = 15, .ofs_x = 0, .ofs_y = 0},
    {.bitmap_index = 3439, .adv_w = 188, .box_w = 11, .box_h = 11, .ofs_x = 0, .ofs_y = 2},
    {.bitmap_index = 3470, .adv_w = 188, .box_w = 12, .box_h = 15, .ofs_x = 0, .ofs_y = 0},
    {.bitmap_index = 3515, .adv_w = 95, .box_w = 2, .box_h = 19, .ofs_x = 2, .ofs_y = -4},
    {.bitmap_index = 3525, .adv_w = 171, .box_w = 9, .box_h = 15, .ofs_x = 1, .ofs_y = 0},
    {.bitmap_index = 3559, .adv_w = 194, .box_w = 8, .box_h = 3, .ofs_x = 2, .ofs_y = 13},
    {.bitmap_index = 3565, .adv_w = 264, .box_w = 16, .box_h = 15, .ofs_x = 0, .ofs_y = 0},
    {.bitmap_index = 3625, .adv_w = 154, .box_w = 9, .box_h = 10, .ofs_x = 0, .ofs_y = 6},
    {.bitmap_index = 3648, .adv_w = 151, .box_w = 9, .box_h = 9, .ofs_x = 0, .ofs_y = 1},
    {.bitmap_index = 3669, .adv_w = 188, .box_w = 10, .box_h = 7, .ofs_x = 1, .ofs_y = 4},
    {.bitmap_index = 3687, .adv_w = 120, .box_w = 7, .box_h = 3, .ofs_x = 0, .ofs_y = 4},
    {.bitmap_index = 3693, .adv_w = 162, .box_w = 9, .box_h = 8, .ofs_x = 1, .ofs_y = 7},
    {.bitmap_index = 3711, .adv_w = 194, .box_w = 7, .box_h = 2, .ofs_x = 3, .ofs_y = 13},
    {.bitmap_index = 3715, .adv_w = 131, .box_w = 8, .box_h = 7, .ofs_x = 0, .ofs_y = 7},
    {.bitmap_index = 3729, .adv_w = 188, .box_w = 10, .box_h = 10, .ofs_x = 1, .ofs_y = 2},
    {.bitmap_index = 3754, .adv_w = 123, .box_w = 8, .box_h = 8, .ofs_x = 0, .ofs_y = 11},
    {.bitmap_index = 3770, .adv_w = 123, .box_w = 8, .box_h = 8, .ofs_x = 0, .ofs_y = 11},
    {.bitmap_index = 3786, .adv_w = 194, .box_w = 6, .box_h = 3, .ofs_x = 4, .ofs_y = 12},
    {.bitmap_index = 3791, .adv_w = 202, .box_w = 10, .box_h = 15, .ofs_x = 1, .ofs_y = -4},
    {.bitmap_index = 3829, .adv_w = 207, .box_w = 12, .box_h = 17, .ofs_x = 0, .ofs_y = -2},
    {.bitmap_index = 3880, .adv_w = 103, .box_w = 4, .box_h = 4, .ofs_x = 1, .ofs_y = 4},
    {.bitmap_index = 3884, .adv_w = 194, .box_w = 5, .box_h = 6, .ofs_x = 4, .ofs_y = -5},
    {.bitmap_index = 3892, .adv_w = 123, .box_w = 5, .box_h = 8, .ofs_x = 1, .ofs_y = 11},
    {.bitmap_index = 3902, .adv_w = 160, .box_w = 10, .box_h = 9, .ofs_x = 0, .ofs_y = 6},
    {.bitmap_index = 3925, .adv_w = 151, .box_w = 9, .box_h = 9, .ofs_x = 0, .ofs_y = 1},
    {.bitmap_index = 3946, .adv_w = 259, .box_w = 16, .box_h = 15, .ofs_x = 0, .ofs_y = 0},
    {.bitmap_index = 4006, .adv_w = 273, .box_w = 17, .box_h = 15, .ofs_x = 0, .ofs_y = 0},
    {.bitmap_index = 4070, .adv_w = 280, .box_w = 17, .box_h = 16, .ofs_x = 0, .ofs_y = 0},
    {.bitmap_index = 4138, .adv_w = 179, .box_w = 11, .box_h = 15, .ofs_x = 0, .ofs_y = -4},
    {.bitmap_index = 4180, .adv_w = 213, .box_w = 14, .box_h = 19, .ofs_x = 0, .ofs_y = 0},
    {.bitmap_index = 4247, .adv_w = 213, .box_w = 14, .box_h = 19, .ofs_x = 0, .ofs_y = 0},
    {.bitmap_index = 4314, .adv_w = 213, .box_w = 14, .box_h = 19, .ofs_x = 0, .ofs_y = 0},
    {.bitmap_index = 4381, .adv_w = 213, .box_w = 14, .box_h = 20, .ofs_x = 0, .ofs_y = 0},
    {.bitmap_index = 4451, .adv_w = 213, .box_w = 14, .box_h = 19, .ofs_x = 0, .ofs_y = 0},
    {.bitmap_index = 4518, .adv_w = 213, .box_w = 14, .box_h = 20, .ofs_x = 0, .ofs_y = 0},
    {.bitmap_index = 4588, .adv_w = 333, .box_w = 21, .box_h = 15, .ofs_x = -1, .ofs_y = 0},
    {.bitmap_index = 4667, .adv_w = 246, .box_w = 14, .box_h = 19, .ofs_x = 1, .ofs_y = -4},
    {.bitmap_index = 4734, .adv_w = 199, .box_w = 11, .box_h = 19, .ofs_x = 1, .ofs_y = 0},
    {.bitmap_index = 4787, .adv_w = 199, .box_w = 11, .box_h = 19, .ofs_x = 1, .ofs_y = 0},
    {.bitmap_index = 4840, .adv_w = 199, .box_w = 11, .box_h = 19, .ofs_x = 1, .ofs_y = 0},
    {.bitmap_index = 4893, .adv_w = 199, .box_w = 11, .box_h = 19, .ofs_x = 1, .ofs_y = 0},
    {.bitmap_index = 4946, .adv_w = 98, .box_w = 6, .box_h = 19, .ofs_x = -1, .ofs_y = 0},
    {.bitmap_index = 4975, .adv_w = 98, .box_w = 6, .box_h = 19, .ofs_x = 1, .ofs_y = 0},
    {.bitmap_index = 5004, .adv_w = 98, .box_w = 8, .box_h = 19, .ofs_x = -1, .ofs_y = 0},
    {.bitmap_index = 5042, .adv_w = 98, .box_w = 8, .box_h = 19, .ofs_x = -1, .ofs_y = 0},
    {.bitmap_index = 5080, .adv_w = 245, .box_w = 15, .box_h = 15, .ofs_x = 0, .ofs_y = 0},
    {.bitmap_index = 5137, .adv_w = 251, .box_w = 13, .box_h = 20, .ofs_x = 1, .ofs_y = 0},
    {.bitmap_index = 5202, .adv_w = 259, .box_w = 15, .box_h = 20, .ofs_x = 1, .ofs_y = 0},
    {.bitmap_index = 5277, .adv_w = 259, .box_w = 15, .box_h = 20, .ofs_x = 1, .ofs_y = 0},
    {.bitmap_index = 5352, .adv_w = 259, .box_w = 15, .box_h = 20, .ofs_x = 1, .ofs_y = 0},
    {.bitmap_index = 5427, .adv_w = 259, .box_w = 15, .box_h = 20, .ofs_x = 1, .ofs_y = 0},
    {.bitmap_index = 5502, .adv_w = 259, .box_w = 15, .box_h = 19, .ofs_x = 1, .ofs_y = 0},
    {.bitmap_index = 5574, .adv_w = 188, .box_w = 9, .box_h = 9, .ofs_x = 1, .ofs_y = 3},
    {.bitmap_index = 5595, .adv_w = 259, .box_w = 15, .box_h = 17, .ofs_x = 1, .ofs_y = -1},
    {.bitmap_index = 5659, .adv_w = 242, .box_w = 13, .box_h = 20, .ofs_x = 1, .ofs_y = 0},
    {.bitmap_index = 5724, .adv_w = 242, .box_w = 13, .box_h = 20, .ofs_x = 1, .ofs_y = 0},
    {.bitmap_index = 5789, .adv_w = 242, .box_w = 13, .box_h = 20, .ofs_x = 1, .ofs_y = 0},
    {.bitmap_index = 5854, .adv_w = 242, .box_w = 13, .box_h = 19, .ofs_x = 1, .ofs_y = 0},
    {.bitmap_index = 5916, .adv_w = 198, .box_w = 13, .box_h = 20, .ofs_x = 0, .ofs_y = 0},
    {.bitmap_index = 5981, .adv_w = 208, .box_w = 12, .box_h = 15, .ofs_x = 1, .ofs_y = 0},
    {.bitmap_index = 6026, .adv_w = 194, .box_w = 11, .box_h = 15, .ofs_x = 1, .ofs_y = 0},
    {.bitmap_index = 6068, .adv_w = 191, .box_w = 10, .box_h = 15, .ofs_x = 1, .ofs_y = 0},
    {.bitmap_index = 6106, .adv_w = 191, .box_w = 10, .box_h = 15, .ofs_x = 1, .ofs_y = 0},
    {.bitmap_index = 6144, .adv_w = 191, .box_w = 10, .box_h = 15, .ofs_x = 1, .ofs_y = 0},
    {.bitmap_index = 6182, .adv_w = 191, .box_w = 10, .box_h = 15, .ofs_x = 1, .ofs_y = 0},
    {.bitmap_index = 6220, .adv_w = 191, .box_w = 10, .box_h = 15, .ofs_x = 1, .ofs_y = 0},
    {.bitmap_index = 6258, .adv_w = 191, .box_w = 10, .box_h = 17, .ofs_x = 1, .ofs_y = 0},
    {.bitmap_index = 6301, .adv_w = 302, .box_w = 17, .box_h = 11, .ofs_x = 1, .ofs_y = 0},
    {.bitmap_index = 6348, .adv_w = 189, .box_w = 10, .box_h = 15, .ofs_x = 1, .ofs_y = -4},
    {.bitmap_index = 6386, .adv_w = 191, .box_w = 10, .box_h = 15, .ofs_x = 1, .ofs_y = 0},
    {.bitmap_index = 6424, .adv_w = 191, .box_w = 10, .box_h = 15, .ofs_x = 1, .ofs_y = 0},
    {.bitmap_index = 6462, .adv_w = 191, .box_w = 10, .box_h = 15, .ofs_x = 1, .ofs_y = 0},
    {.bitmap_index = 6500, .adv_w = 191, .box_w = 10, .box_h = 15, .ofs_x = 1, .ofs_y = 0},
    {.bitmap_index = 6538, .adv_w = 89, .box_w = 6, .box_h = 15, .ofs_x = -1, .ofs_y = 0},
    {.bitmap_index = 6561, .adv_w = 89, .box_w = 6, .box_h = 15, .ofs_x = 1, .ofs_y = 0},
    {.bitmap_index = 6584, .adv_w = 89, .box_w = 8, .box_h = 15, .ofs_x = -1, .ofs_y = 0},
    {.bitmap_index = 6614, .adv_w = 89, .box_w = 7, .box_h = 15, .ofs_x = -1, .ofs_y = 0},
    {.bitmap_index = 6641, .adv_w = 198, .box_w = 11, .box_h = 16, .ofs_x = 1, .ofs_y = 0},
    {.bitmap_index = 6685, .adv_w = 199, .box_w = 10, .box_h = 15, .ofs_x = 1, .ofs_y = 0},
    {.bitmap_index = 6723, .adv_w = 198, .box_w = 11, .box_h = 15, .ofs_x = 1, .ofs_y = 0},
    {.bitmap_index = 6765, .adv_w = 198, .box_w = 11, .box_h = 15, .ofs_x = 1, .ofs_y = 0},
    {.bitmap_index = 6807, .adv_w = 198, .box_w = 11, .box_h = 15, .ofs_x = 1, .ofs_y = 0},
    {.bitmap_index = 6849, .adv_w = 198, .box_w = 11, .box_h = 15, .ofs_x = 1, .ofs_y = 0},
    {.bitmap_index = 6891, .adv_w = 198, .box_w = 11, .box_h = 15, .ofs_x = 1, .ofs_y = 0},
    {.bitmap_index = 6933, .adv_w = 188, .box_w = 10, .box_h = 11, .ofs_x = 1, .ofs_y = 2},
    {.bitmap_index = 6961, .adv_w = 198, .box_w = 12, .box_h = 13, .ofs_x = 0, .ofs_y = -1},
    {.bitmap_index = 7000, .adv_w = 201, .box_w = 10, .box_h = 15, .ofs_x = 1, .ofs_y = 0},
    {.bitmap_index = 7038, .adv_w = 201, .box_w = 10, .box_h = 15, .ofs_x = 1, .ofs_y = 0},
    {.bitmap_index = 7076, .adv_w = 201, .box_w = 10, .box_h = 15, .ofs_x = 1, .ofs_y = 0},
    {.bitmap_index = 7114, .adv_w = 201, .box_w = 10, .box_h = 15, .ofs_x = 1, .ofs_y = 0},
    {.bitmap_index = 7152, .adv_w = 166, .box_w = 11, .box_h = 19, .ofs_x = 0, .ofs_y = -4},
    {.bitmap_index = 7205, .adv_w = 202, .box_w = 11, .box_h = 19, .ofs_x = 1, .ofs_y = -4},
    {.bitmap_index = 7258, .adv_w = 166, .box_w = 11, .box_h = 19, .ofs_x = 0, .ofs_y = -4},
    {.bitmap_index = 7311, .adv_w = 213, .box_w = 14, .box_h = 19, .ofs_x = 0, .ofs_y = 0},
    {.bitmap_index = 7378, .adv_w = 191, .box_w = 10, .box_h = 15, .ofs_x = 1, .ofs_y = 0},
    {.bitmap_index = 7416, .adv_w = 213, .box_w = 14, .box_h = 19, .ofs_x = 0, .ofs_y = 0},
    {.bitmap_index = 7483, .adv_w = 191, .box_w = 10, .box_h = 15, .ofs_x = 1, .ofs_y = 0},
    {.bitmap_index = 7521, .adv_w = 213, .box_w = 14, .box_h = 19, .ofs_x = 0, .ofs_y = -4},
    {.bitmap_index = 7588, .adv_w = 191, .box_w = 10, .box_h = 15, .ofs_x = 1, .ofs_y = -4},
    {.bitmap_index = 7626, .adv_w = 246, .box_w = 14, .box_h = 20, .ofs_x = 1, .ofs_y = 0},
    {.bitmap_index = 7696, .adv_w = 189, .box_w = 10, .box_h = 15, .ofs_x = 1, .ofs_y = 0},
    {.bitmap_index = 7734, .adv_w = 246, .box_w = 14, .box_h = 20, .ofs_x = 1, .ofs_y = 0},
    {.bitmap_index = 7804, .adv_w = 189, .box_w = 10, .box_h = 15, .ofs_x = 1, .ofs_y = 0},
    {.bitmap_index = 7842, .adv_w = 246, .box_w = 14, .box_h = 19, .ofs_x = 1, .ofs_y = 0},
    {.bitmap_index = 7909, .adv_w = 189, .box_w = 10, .box_h = 15, .ofs_x = 1, .ofs_y = 0},
    {.bitmap_index = 7947, .adv_w = 246, .box_w = 14, .box_h = 20, .ofs_x = 1, .ofs_y = 0},
    {.bitmap_index = 8017, .adv_w = 189, .box_w = 10, .box_h = 15, .ofs_x = 1, .ofs_y = 0},
    {.bitmap_index = 8055, .adv_w = 245, .box_w = 14, .box_h = 19, .ofs_x = 1, .ofs_y = 0},
    {.bitmap_index = 8122, .adv_w = 202, .box_w = 14, .box_h = 15, .ofs_x = 1, .ofs_y = 0},
    {.bitmap_index = 8175, .adv_w = 245, .box_w = 15, .box_h = 15, .ofs_x = 0, .ofs_y = 0},
    {.bitmap_index = 8232, .adv_w = 202, .box_w = 12, .box_h = 15, .ofs_x = 1, .ofs_y = 0},
    {.bitmap_index = 8277, .adv_w = 199, .box_w = 11, .box_h = 19, .ofs_x = 1, .ofs_y = 0},
    {.bitmap_index = 8330, .adv_w = 191, .box_w = 10, .box_h = 15, .ofs_x = 1, .ofs_y = 0},
    {.bitmap_index = 8368, .adv_w = 199, .box_w = 11, .box_h = 19, .ofs_x = 1, .ofs_y = 0},
    {.bitmap_index = 8421, .adv_w = 191, .box_w = 10, .box_h = 15, .ofs_x = 1, .ofs_y = 0},
    {.bitmap_index = 8459, .adv_w = 199, .box_w = 11, .box_h = 19, .ofs_x = 1, .ofs_y = 0},
    {.bitmap_index = 8512, .adv_w = 191, .box_w = 10, .box_h = 15, .ofs_x = 1, .ofs_y = 0},
    {.bitmap_index = 8550, .adv_w = 199, .box_w = 11, .box_h = 19, .ofs_x = 1, .ofs_y = -4},
    {.bitmap_index = 8603, .adv_w = 191, .box_w = 10, .box_h = 15, .ofs_x = 1, .ofs_y = -4},
    {.bitmap_index = 8641, .adv_w = 199, .box_w = 11, .box_h = 19, .ofs_x = 1, .ofs_y = 0},
    {.bitmap_index = 8694, .adv_w = 191, .box_w = 10, .box_h = 15, .ofs_x = 1, .ofs_y = 0},
    {.bitmap_index = 8732, .adv_w = 251, .box_w = 14, .box_h = 20, .ofs_x = 1, .ofs_y = 0},
    {.bitmap_index = 8802, .adv_w = 175, .box_w = 11, .box_h = 19, .ofs_x = 0, .ofs_y = -4},
    {.bitmap_index = 8855, .adv_w = 251, .box_w = 14, .box_h = 20, .ofs_x = 1, .ofs_y = 0},
    {.bitmap_index = 8925, .adv_w = 175, .box_w = 11, .box_h = 19, .ofs_x = 0, .ofs_y = -4},
    {.bitmap_index = 8978, .adv_w = 251, .box_w = 14, .box_h = 19, .ofs_x = 1, .ofs_y = 0},
    {.bitmap_index = 9045, .adv_w = 175, .box_w = 11, .box_h = 19, .ofs_x = 0, .ofs_y = -4},
    {.bitmap_index = 9098, .adv_w = 251, .box_w = 14, .box_h = 19, .ofs_x = 1, .ofs_y = -4},
    {.bitmap_index = 9165, .adv_w = 175, .box_w = 11, .box_h = 21, .ofs_x = 0, .ofs_y = -4},
    {.bitmap_index = 9223, .adv_w = 253, .box_w = 13, .box_h = 19, .ofs_x = 1, .ofs_y = 0},
    {.bitmap_index = 9285, .adv_w = 199, .box_w = 10, .box_h = 20, .ofs_x = 1, .ofs_y = 0},
    {.bitmap_index = 9335, .adv_w = 253, .box_w = 16, .box_h = 15, .ofs_x = 0, .ofs_y = 0},
    {.bitmap_index = 9395, .adv_w = 199, .box_w = 11, .box_h = 15, .ofs_x = 0, .ofs_y = 0},
    {.bitmap_index = 9437, .adv_w = 98, .box_w = 8, .box_h = 20, .ofs_x = -1, .ofs_y = 0},
    {.bitmap_index = 9477, .adv_w = 89, .box_w = 8, .box_h = 15, .ofs_x = -1, .ofs_y = 0},
    {.bitmap_index = 9507, .adv_w = 98, .box_w = 7, .box_h = 19, .ofs_x = 0, .ofs_y = 0},
    {.bitmap_index = 9541, .adv_w = 89, .box_w = 6, .box_h = 15, .ofs_x = 0, .ofs_y = 0},
    {.bitmap_index = 9564, .adv_w = 98, .box_w = 8, .box_h = 19, .ofs_x = -1, .ofs_y = 0},
    {.bitmap_index = 9602, .adv_w = 89, .box_w = 7, .box_h = 15, .ofs_x = -1, .ofs_y = 0},
    {.bitmap_index = 9629, .adv_w = 98, .box_w = 5, .box_h = 19, .ofs_x = 0, .ofs_y = -4},
    {.bitmap_index = 9653, .adv_w = 89, .box_w = 5, .box_h = 19, .ofs_x = 0, .ofs_y = -4},
    {.bitmap_index = 9677, .adv_w = 98, .box_w = 4, .box_h = 19, .ofs_x = 1, .ofs_y = 0},
    {.bitmap_index = 9696, .adv_w = 89, .box_w = 3, .box_h = 11, .ofs_x = 1, .ofs_y = 0},
    {.bitmap_index = 9705, .adv_w = 221, .box_w = 12, .box_h = 15, .ofs_x = 1, .ofs_y = 0},
    {.bitmap_index = 9750, .adv_w = 178, .box_w = 9, .box_h = 19, .ofs_x = 1, .ofs_y = -4},
    {.bitmap_index = 9793, .adv_w = 123, .box_w = 9, .box_h = 20, .ofs_x = 0, .ofs_y = 0},
    {.bitmap_index = 9838, .adv_w = 89, .box_w = 8, .box_h = 19, .ofs_x = -1, .ofs_y = -4},
    {.bitmap_index = 9876, .adv_w = 210, .box_w = 13, .box_h = 20, .ofs_x = 1, .ofs_y = -5},
    {.bitmap_index = 9941, .adv_w = 180, .box_w = 11, .box_h = 20, .ofs_x = 1, .ofs_y = -5},
    {.bitmap_index = 9996, .adv_w = 180, .box_w = 11, .box_h = 11, .ofs_x = 1, .ofs_y = 0},
    {.bitmap_index = 10027, .adv_w = 178, .box_w = 10, .box_h = 19, .ofs_x = 1, .ofs_y = 0},
    {.bitmap_index = 10075, .adv_w = 98, .box_w = 6, .box_h = 20, .ofs_x = 1, .ofs_y = 0},
    {.bitmap_index = 10105, .adv_w = 178, .box_w = 10, .box_h = 20, .ofs_x = 1, .ofs_y = -5},
    {.bitmap_index = 10155, .adv_w = 98, .box_w = 5, .box_h = 20, .ofs_x = 1, .ofs_y = -5},
    {.bitmap_index = 10180, .adv_w = 178, .box_w = 10, .box_h = 15, .ofs_x = 1, .ofs_y = 0},
    {.bitmap_index = 10218, .adv_w = 98, .box_w = 7, .box_h = 15, .ofs_x = 1, .ofs_y = 0},
    {.bitmap_index = 10245, .adv_w = 178, .box_w = 10, .box_h = 15, .ofs_x = 1, .ofs_y = 0},
    {.bitmap_index = 10283, .adv_w = 116, .box_w = 7, .box_h = 15, .ofs_x = 1, .ofs_y = 0},
    {.bitmap_index = 10310, .adv_w = 178, .box_w = 11, .box_h = 15, .ofs_x = 0, .ofs_y = 0},
    {.bitmap_index = 10352, .adv_w = 98, .box_w = 6, .box_h = 15, .ofs_x = 0, .ofs_y = 0},
    {.bitmap_index = 10375, .adv_w = 251, .box_w = 13, .box_h = 19, .ofs_x = 1, .ofs_y = 0},
    {.bitmap_index = 10437, .adv_w = 199, .box_w = 10, .box_h = 15, .ofs_x = 1, .ofs_y = 0},
    {.bitmap_index = 10475, .adv_w = 251, .box_w = 13, .box_h = 20, .ofs_x = 1, .ofs_y = -5},
    {.bitmap_index = 10540, .adv_w = 199, .box_w = 10, .box_h = 16, .ofs_x = 1, .ofs_y = -5},
    {.bitmap_index = 10580, .adv_w = 251, .box_w = 13, .box_h = 19, .ofs_x = 1, .ofs_y = 0},
    {.bitmap_index = 10642, .adv_w = 199, .box_w = 10, .box_h = 15, .ofs_x = 1, .ofs_y = 0},
    {.bitmap_index = 10680, .adv_w = 223, .box_w = 14, .box_h = 15, .ofs_x = -1, .ofs_y = 0},
    {.bitmap_index = 10733, .adv_w = 251, .box_w = 13, .box_h = 19, .ofs_x = 1, .ofs_y = -4},
    {.bitmap_index = 10795, .adv_w = 199, .box_w = 10, .box_h = 15, .ofs_x = 1, .ofs_y = -4},
    {.bitmap_index = 10833, .adv_w = 259, .box_w = 15, .box_h = 19, .ofs_x = 1, .ofs_y = 0},
    {.bitmap_index = 10905, .adv_w = 198, .box_w = 11, .box_h = 15, .ofs_x = 1, .ofs_y = 0},
    {.bitmap_index = 10947, .adv_w = 259, .box_w = 15, .box_h = 20, .ofs_x = 1, .ofs_y = 0},
    {.bitmap_index = 11022, .adv_w = 198, .box_w = 11, .box_h = 15, .ofs_x = 1, .ofs_y = 0},
    {.bitmap_index = 11064, .adv_w = 259, .box_w = 15, .box_h = 20, .ofs_x = 1, .ofs_y = 0},
    {.bitmap_index = 11139, .adv_w = 198, .box_w = 11, .box_h = 15, .ofs_x = 1, .ofs_y = 0},
    {.bitmap_index = 11181, .adv_w = 370, .box_w = 21, .box_h = 15, .ofs_x = 1, .ofs_y = 0},
    {.bitmap_index = 11260, .adv_w = 317, .box_w = 18, .box_h = 11, .ofs_x = 1, .ofs_y = 0},
    {.bitmap_index = 11310, .adv_w = 218, .box_w = 13, .box_h = 19, .ofs_x = 1, .ofs_y = 0},
    {.bitmap_index = 11372, .adv_w = 124, .box_w = 7, .box_h = 15, .ofs_x = 1, .ofs_y = 0},
    {.bitmap_index = 11399, .adv_w = 218, .box_w = 13, .box_h = 20, .ofs_x = 1, .ofs_y = -5},
    {.bitmap_index = 11464, .adv_w = 124, .box_w = 7, .box_h = 16, .ofs_x = 1, .ofs_y = -5},
    {.bitmap_index = 11492, .adv_w = 218, .box_w = 13, .box_h = 19, .ofs_x = 1, .ofs_y = 0},
    {.bitmap_index = 11554, .adv_w = 124, .box_w = 7, .box_h = 15, .ofs_x = 1, .ofs_y = 0},
    {.bitmap_index = 11581, .adv_w = 205, .box_w = 13, .box_h = 20, .ofs_x = 0, .ofs_y = 0},
    {.bitmap_index = 11646, .adv_w = 176, .box_w = 9, .box_h = 15, .ofs_x = 1, .ofs_y = 0},
    {.bitmap_index = 11680, .adv_w = 205, .box_w = 13, .box_h = 20, .ofs_x = 0, .ofs_y = 0},
    {.bitmap_index = 11745, .adv_w = 176, .box_w = 9, .box_h = 15, .ofs_x = 1, .ofs_y = 0},
    {.bitmap_index = 11779, .adv_w = 205, .box_w = 13, .box_h = 19, .ofs_x = 0, .ofs_y = -4},
    {.bitmap_index = 11841, .adv_w = 176, .box_w = 9, .box_h = 15, .ofs_x = 1, .ofs_y = -4},
    {.bitmap_index = 11875, .adv_w = 205, .box_w = 13, .box_h = 20, .ofs_x = 0, .ofs_y = 0},
    {.bitmap_index = 11940, .adv_w = 176, .box_w = 9, .box_h = 15, .ofs_x = 1, .ofs_y = 0},
    {.bitmap_index = 11974, .adv_w = 173, .box_w = 11, .box_h = 19, .ofs_x = 0, .ofs_y = -4},
    {.bitmap_index = 12027, .adv_w = 119, .box_w = 7, .box_h = 18, .ofs_x = 0, .ofs_y = -4},
    {.bitmap_index = 12059, .adv_w = 173, .box_w = 11, .box_h = 19, .ofs_x = 0, .ofs_y = 0},
    {.bitmap_index = 12112, .adv_w = 119, .box_w = 9, .box_h = 15, .ofs_x = 0, .ofs_y = 0},
    {.bitmap_index = 12146, .adv_w = 173, .box_w = 11, .box_h = 15, .ofs_x = 0, .ofs_y = 0},
    {.bitmap_index = 12188, .adv_w = 119, .box_w = 7, .box_h = 14, .ofs_x = 0, .ofs_y = 0},
    {.bitmap_index = 12213, .adv_w = 242, .box_w = 13, .box_h = 20, .ofs_x = 1, .ofs_y = 0},
    {.bitmap_index = 12278, .adv_w = 201, .box_w = 10, .box_h = 15, .ofs_x = 1, .ofs_y = 0},
    {.bitmap_index = 12316, .adv_w = 242, .box_w = 13, .box_h = 19, .ofs_x = 1, .ofs_y = 0},
    {.bitmap_index = 12378, .adv_w = 201, .box_w = 10, .box_h = 15, .ofs_x = 1, .ofs_y = 0},
    {.bitmap_index = 12416, .adv_w = 242, .box_w = 13, .box_h = 20, .ofs_x = 1, .ofs_y = 0},
    {.bitmap_index = 12481, .adv_w = 201, .box_w = 10, .box_h = 15, .ofs_x = 1, .ofs_y = 0},
    {.bitmap_index = 12519, .adv_w = 242, .box_w = 13, .box_h = 20, .ofs_x = 1, .ofs_y = 0},
    {.bitmap_index = 12584, .adv_w = 201, .box_w = 10, .box_h = 17, .ofs_x = 1, .ofs_y = 0},
    {.bitmap_index = 12627, .adv_w = 242, .box_w = 13, .box_h = 20, .ofs_x = 1, .ofs_y = 0},
    {.bitmap_index = 12692, .adv_w = 201, .box_w = 10, .box_h = 15, .ofs_x = 1, .ofs_y = 0},
    {.bitmap_index = 12730, .adv_w = 242, .box_w = 13, .box_h = 19, .ofs_x = 1, .ofs_y = -4},
    {.bitmap_index = 12792, .adv_w = 201, .box_w = 10, .box_h = 15, .ofs_x = 1, .ofs_y = -4},
    {.bitmap_index = 12830, .adv_w = 323, .box_w = 21, .box_h = 19, .ofs_x = 0, .ofs_y = 0},
    {.bitmap_index = 12930, .adv_w = 261, .box_w = 17, .box_h = 15, .ofs_x = 0, .ofs_y = 0},
    {.bitmap_index = 12994, .adv_w = 198, .box_w = 13, .box_h = 20, .ofs_x = 0, .ofs_y = 0},
    {.bitmap_index = 13059, .adv_w = 166, .box_w = 11, .box_h = 19, .ofs_x = 0, .ofs_y = -4},
    {.bitmap_index = 13112, .adv_w = 198, .box_w = 13, .box_h = 19, .ofs_x = 0, .ofs_y = 0},
    {.bitmap_index = 13174, .adv_w = 187, .box_w = 12, .box_h = 19, .ofs_x = 0, .ofs_y = 0},
    {.bitmap_index = 13231, .adv_w = 159, .box_w = 10, .box_h = 15, .ofs_x = 0, .ofs_y = 0},
    {.bitmap_index = 13269, .adv_w = 187, .box_w = 12, .box_h = 19, .ofs_x = 0, .ofs_y = 0},
    {.bitmap_index = 13326, .adv_w = 159, .box_w = 10, .box_h = 15, .ofs_x = 0, .ofs_y = 0},
    {.bitmap_index = 13364, .adv_w = 187, .box_w = 12, .box_h = 19, .ofs_x = 0, .ofs_y = 0},
    {.bitmap_index = 13421, .adv_w = 159, .box_w = 10, .box_h = 15, .ofs_x = 0, .ofs_y = 0},
    {.bitmap_index = 13459, .adv_w = 102, .box_w = 7, .box_h = 15, .ofs_x = 0, .ofs_y = 0}
};

/*---------------------
 *  CHARACTER MAPPING
 *--------------------*/



/*Collect the unicode lists and glyph_id offsets*/
static const lv_font_fmt_txt_cmap_t cmaps[] =
{
    {
        .range_start = 32, .range_length = 95, .glyph_id_start = 1,
        .unicode_list = NULL, .glyph_id_ofs_list = NULL, .list_length = 0, .type = LV_FONT_FMT_TXT_CMAP_FORMAT0_TINY
    },
    {
        .range_start = 160, .range_length = 224, .glyph_id_start = 96,
        .unicode_list = NULL, .glyph_id_ofs_list = NULL, .list_length = 0, .type = LV_FONT_FMT_TXT_CMAP_FORMAT0_TINY
    }
};

/*-----------------
 *    KERNING
 *----------------*/


/*Map glyph_ids to kern left classes*/
static const uint8_t kern_left_class_mapping[] =
{
    0, 0, 1, 2, 0, 0, 0, 3,
    2, 0, 0, 4, 0, 5, 6, 5,
    7, 0, 8, 0, 0, 0, 0, 0,
    0, 0, 0, 0, 0, 0, 0, 0,
    9, 10, 11, 12, 13, 14, 15, 16,
    17, 18, 18, 19, 20, 21, 18, 18,
    14, 22, 14, 23, 24, 25, 26, 27,
    28, 29, 30, 31, 0, 32, 0, 0,
    0, 0, 33, 34, 35, 0, 36, 37,
    38, 39, 40, 0, 41, 42, 39, 39,
    34, 34, 40, 43, 44, 45, 40, 46,
    47, 48, 46, 49, 0, 0, 0, 0,
    0, 1, 0, 0, 0, 0, 0, 0,
    0, 10, 0, 50, 0, 6, 51, 0,
    52, 0, 0, 0, 0, 0, 18, 53,
    0, 0, 0, 54, 0, 0, 0, 55,
    11, 11, 11, 11, 11, 11, 15, 13,
    15, 15, 15, 15, 18, 18, 18, 18,
    14, 18, 14, 14, 14, 14, 14, 0,
    14, 26, 26, 26, 26, 30, 56, 34,
    33, 33, 33, 33, 33, 33, 36, 35,
    36, 36, 36, 36, 40, 40, 40, 57,
    58, 39, 34, 34, 34, 34, 34, 0,
    34, 40, 40, 40, 40, 46, 34, 46,
    11, 33, 11, 33, 11, 33, 13, 35,
    13, 35, 13, 35, 13, 35, 14, 59,
    14, 0, 15, 36, 15, 36, 15, 36,
    15, 36, 15, 36, 17, 38, 17, 38,
    17, 38, 17, 38, 18, 39, 0, 39,
    18, 0, 18, 0, 18, 0, 18, 0,
    18, 40, 19, 0, 19, 0, 20, 41,
    41, 21, 42, 21, 42, 0, 60, 0,
    0, 21, 0, 18, 39, 18, 39, 18,
    39, 0, 18, 39, 14, 34, 14, 34,
    14, 34, 15, 36, 23, 43, 23, 43,
    23, 43, 24, 44, 24, 44, 24, 44,
    24, 44, 25, 45, 25, 61, 25, 45,
    26, 40, 26, 40, 26, 0, 26, 40,
    26, 40, 26, 40, 28, 46, 30, 46,
    30, 31, 49, 31, 49, 31, 49, 0
};

/*Map glyph_ids to kern right classes*/
static const uint8_t kern_right_class_mapping[] =
{
    0, 0, 1, 2, 0, 0, 0, 3,
    2, 0, 4, 5, 0, 6, 7, 6,
    8, 0, 9, 0, 0, 0, 0, 0,
    10, 0, 0, 11, 11, 0, 0, 0,
    12, 13, 14, 0, 15, 0, 0, 0,
    15, 0, 0, 16, 0, 0, 0, 0,
    15, 0, 15, 0, 17, 18, 19, 20,
    21, 22, 23, 24, 0, 25, 4, 0,
    0, 0, 26, 27, 28, 28, 28, 29,
    30, 27, 27, 31, 27, 32, 33, 33,
    28, 33, 28, 33, 34, 35, 36, 37,
    37, 38, 37, 39, 0, 0, 4, 0,
    0, 1, 0, 0, 0, 0, 0, 27,
    0, 13, 0, 40, 0, 7, 41, 0,
    0, 0, 0, 0, 0, 0, 0, 42,
    0, 0, 0, 43, 0, 0, 0, 44,
    14, 14, 14, 14, 14, 14, 45, 15,
    0, 0, 0, 0, 0, 0, 0, 0,
    46, 0, 15, 15, 15, 15, 15, 0,
    15, 19, 19, 19, 19, 23, 0, 47,
    26, 26, 26, 26, 26, 26, 26, 28,
    28, 28, 28, 28, 48, 27, 49, 50,
    28, 33, 28, 28, 28, 28, 28, 0,
    28, 36, 36, 36, 36, 37, 27, 37,
    14, 26, 14, 26, 14, 26, 15, 28,
    15, 28, 15, 28, 15, 28, 0, 28,
    46, 28, 0, 28, 0, 28, 0, 28,
    0, 28, 0, 28, 15, 30, 15, 30,
    15, 30, 15, 30, 0, 27, 46, 27,
    0, 48, 0, 51, 0, 48, 0, 27,
    0, 33, 0, 0, 16, 27, 0, 27,
    33, 0, 32, 0, 32, 0, 32, 0,
    52, 46, 53, 0, 33, 0, 33, 0,
    33, 0, 0, 33, 15, 28, 15, 28,
    15, 28, 15, 28, 0, 33, 0, 33,
    0, 33, 17, 34, 17, 34, 17, 34,
    17, 34, 18, 35, 18, 35, 18, 35,
    19, 36, 19, 36, 19, 36, 19, 36,
    19, 36, 19, 36, 21, 37, 23, 37,
    23, 24, 39, 24, 39, 24, 39, 0
};

/*Kern values between classes*/
static const int8_t kern_class_values[] =
{
    0, -3, 0, 0, 0, 0, 0, 0,
    0, 0, 0, 0, -2, 0, 0, 0,
    0, 0, 0, 0, 0, 0, 0, 0,
    0, 0, 0, 0, 0, 0, 0, 0,
    0, 0, 0, 0, 0, 0, 0, 0,
    0, 0, 0, 0, 0, 0, 0, 0,
    0, 0, 0, 0, 0, -7, 0, 0,
    0, 0, -42, 0, 0, 0, 0, 0,
    0, -3, 0, 0, 0, 0, 0, 0,
    0, 0, 0, 0, 0, 0, 0, 0,
    0, 0, 0, 0, 0, 0, 0, 0,
    0, 0, 0, 0, 0, 0, 0, 0,
    -42, 0, 0, 0, 0, 0, 0, 0,
    0, 0, 0, 0, 0, 0, 0, 0,
    0, 0, 0, 0, 0, 0, 0, 3,
    0, 2, 0, -16, 0, -14, -12, -3,
    -23, 0, 0, 0, 0, 0, 0, 0,
    0, 0, 0, 0, 0, 0, 0, 0,
    0, 0, 0, 0, 0, 0, 0, 0,
    0, 0, 0, 0, 0, 0, 0, 0,
    0, 0, 0, 0, -42, 0, 0, 0,
    0, 0, 0, 0, -21, 0, -21, 0,
    5, 0, 7, 7, -7, 4, 0, 0,
    -7, 0, -5, 9, -16, 0, 0, 0,
    -9, 9, -5, 9, 0, 0, 0, 0,
    0, 0, 0, -39, 0, 0, 0, 0,
    0, 0, 0, 0, 0, -42, 0, 0,
    -42, 0, 0, 0, 0, 0, 0, 0,
    -12, 0, 0, 0, 0, 0, 0, 0,
    0, 0, 0, 0, 0, 0, 0, 0,
    0, 0, 0, 0, 0, 0, 0, 0,
    0, 0, 0, -18, 0, 0, 5, 0,
    0, 0, 0, 0, 0, 0, 0, 0,
    0, 0, 0, 0, 0, 0, 0, 0,
    0, -25, -12, 0, 0, 3, 0, 0,
    0, 0, 0, 0, 0, 0, 0, 0,
    0, 0, 0, 0, 0, 0, 0, 0,
    0, 0, 0, 0, 0, 0, 0, 0,
    0, 0, 0, 0, 0, 0, 0, 0,
    0, 0, 0, 0, 0, 0, 0, 0,
    0, 0, 0, 0, 0, 0, 0, 0,
    0, 0, -3, 0, 0, 0, 0, 0,
    0, 0, 0, 0, 0, 0, 0, 0,
    0, 0, 0, 0, 0, 0, 0, 0,
    0, 0, 0, 0, 0, 0, 0, 0,
    0, 0, 0, 0, 0, 0, 0, 0,
    0, 0, 0, 0, 0, 0, 0, 0,
    0, -9, 0, 0, 0, 0, 0, 0,
    0, 0, 0, 0, 0, 0, 0, 0,
    0, 0, 0, 0, 0, 0, 0, 0,
    0, 0, 0, 0, 0, 0, 0, 0,
    0, 0, 0, 0, 0, 0, 0, 0,
    0, 0, 0, 0, 0, 0, 0, 0,
    0, 0, 0, 0, 0, 0, 0, 0,
    0, 0, 0, 0, 0, 0, 0, 0,
    0, 0, 0, 0, 0, 0, 0, 0,
    0, 0, 0, 0, 0, 0, 0, 0,
    0, 0, 0, 0, 0, 0, 0, 0,
    0, 0, 7, 0, 0, 0, 0, 0,
    0, 0, 0, 0, 0, 0, -3, 0,
    0, 0, -12, 3, -3, 0, 0, 0,
    0, 0, 0, 0, 0, 0, 0, 0,
    0, 0, 0, 0, 0, -3, 0, 0,
    0, 0, 0, 0, 0, 0, 0, 0,
    0, 0, 0, 0, 0, 0, 0, 0,
    0, 0, 0, 0, 0, 0, 0, 0,
    0, 0, 0, -21, 0, 0, -21, 6,
    0, 0, 0, 0, 2, -19, -7, 0,
    -7, 7, -1, -17, -6, -14, -7, 3,
    -20, 6, -7, 0, 0, 0, 0, 6,
    0, 0, 3, 4, -1, 0, -3, 3,
    5, 0, -14, -5, -2, 0, 5, 0,
    0, 0, 0, 0, 0, 0, 0, 0,
    -6, 0, 0, -4, -5, 3, 0, 0,
    0, 0, -9, -2, -4, -2, -2, -3,
    -13, -3, -10, -7, -10, -16, 2, -10,
    -1, 0, -2, 0, 0, 0, -2, 0,
    0, 0, 0, -3, 0, 0, 0, -2,
    0, 0, 0, -10, 0, 0, 0, 0,
    0, 0, 0, 0, 0, -2, 0, 0,
    0, -7, 3, 0, 0, 0, 0, 0,
    -2, -3, -2, -5, 0, -6, -3, -3,
    2, -7, -9, -3, 0, 0, 0, 0,
    0, 0, 0, 0, 0, 0, 0, 0,
    0, 0, 0, 0, 0, 0, 0, 0,
    -13, 0, 0, 0, 0, 0, 0, 0,
    0, 0, -3, 0, 0, 0, -12, 3,
    -3, 0, 0, 0, 0, 0, -7, 0,
    -9, 0, -9, -1, -5, -1, -8, -9,
    -5, -3, -1, 0, 0, 0, 0, 0,
    0, 0, -1, 1, 0, 1, -2, 0,
    0, 0, 0, 0, 0, -19, 0, 0,
    0, 0, 0, 0, 0, 0, 0, 0,
    0, 0, 0, 0, 0, 0, 0, 0,
    0, 0, -3, 0, -3, -2, 0, -1,
    -1, -2, -1, 0, -2, 3, 0, 2,
    0, 0, 0, 0, 0, 1, 0, 0,
    0, 2, 2, 0, 0, 0, 0, 0,
    0, 0, -6, 0, 0, 0, 0, 0,
    0, 0, 0, 0, 0, -5, 0, 7,
    -37, 0, -14, 0, 0, 0, 3, -2,
    -11, -2, -14, 0, 3, -2, 1, -1,
    0, 0, -3, 0, -5, -4, -4, 0,
    0, -4, -2, -3, -4, 0, -2, 0,
    0, 0, 0, 3, -2, 0, 0, -33,
    0, -4, 0, -4, 0, 0, 0, -2,
    0, -3, 0, 0, 0, -7, 3, -4,
    0, 0, 0, 0, 0, -5, 0, -8,
    0, -9, -2, -5, -3, -8, -9, -4,
    -2, -1, 0, 0, 0, 0, 0, 0,
    0, 0, 0, 0, 0, 0, 0, 0,
    0, 0, 0, 0, -18, 0, 0, 0,
    0, 0, 0, 0, 0, 0, 0, 0,
    0, 0, 0, 0, 0, 0, 0, 0,
    0, 0, 0, 0, 0, 0, 0, 0,
    0, 0, 0, 0, 0, 0, 0, 0,
    0, 0, 0, 0, 0, 0, 0, 0,
    0, 2, 0, 0, 0, 0, 0, 0,
    0, 0, 0, 0, 0, 0, 0, 0,
    0, 0, 0, 0, 0, 0, 0, -9,
    0, -2, 0, 0, 0, -2, 0, -6,
    0, -5, 0, 0, 0, 1, 0, 0,
    -5, 0, 0, 1, 0, 0, 0, 0,
    0, 0, 0, 0, 0, 0, 0, 0,
    0, 0, 0, 0, 0, 0, -13, 0,
    0, 0, 0, 0, 0, 0, 0, 0,
    0, -12, 0, -7, 0, -12, 0, 0,
    0, 0, -7, -14, 0, -14, 4, -4,
    -4, -10, -3, -3, 0, -4, 3, 0,
    -3, -3, -8, -3, -2, -3, -5, -1,
    -5, -9, -10, -5, 0, 0, -7, -7,
    -14, -3, 0, 2, 0, -3, 0, -3,
    0, 0, 0, -2, 0, -14, -4, 0,
    -32, 0, 3, 3, 0, 0, 0, -21,
    -9, 5, -9, 3, 0, -22, -9, -20,
    -17, 1, -25, 3, -18, 5, 0, 2,
    0, 10, 0, 0, 0, 0, 0, 1,
    -7, 3, 0, -7, -21, -7, 3, 0,
    8, 2, 0, 0, 0, 0, 0, 0,
    0, 0, 0, -10, 0, 5, -48, -11,
    -26, 0, 0, 0, 5, -3, -18, -3,
    -19, 0, -4, -5, -3, -1, -18, -8,
    -5, -3, -12, -4, -12, 0, -16, -4,
    -10, -3, -10, 1, -9, 1, -3, -7,
    -14, 5, -5, 0, 0, -41, 0, -4,
    0, -4, 0, 0, 0, -3, 0, 0,
    0, 0, 0, 2, 0, 0, 0, 0,
    0, 0, -5, -1, -5, -1, 0, -6,
    0, -1, 1, 0, -8, 9, -4, 3,
    0, 0, 0, 0, 0, -1, 2, 0,
    -1, 1, 0, 5, 5, 0, 0, -4,
    4, 0, -2, 0, 0, 0, 0, 0,
    0, 0, 0, 0, 0, 0, 0, 0,
    -4, 2, -5, 0, 0, 0, 0, 0,
    -1, 0, 0, -1, -6, -2, -3, -2,
    -4, -8, 0, -2, 2, 0, 4, 1,
    0, 0, 0, 1, 0, 0, 1, 0,
    0, 0, 0, 0, 0, 0, 0, -6,
    0, 0, 0, 0, 0, 0, 0, 0,
    0, 5, -12, 0, 5, -27, -18, -16,
    0, 0, -14, 2, -9, -17, -9, -9,
    -4, 0, 0, 0, 4, 0, 0, 0,
    0, -26, 0, -28, -6, -20, 0, 0,
    -16, -18, 0, -12, -12, -11, -10, -21,
    3, -25, -11, 0, -31, 0, -9, 5,
    7, 4, 7, 0, 0, 0, 0, 0,
    0, 0, -7, 0, -5, 0, 0, 0,
    0, -1, -6, -1, -4, -2, 0, 0,
    0, 0, -3, -2, -1, 0, -1, 0,
    0, 0, 0, 0, 0, 0, -1, 0,
    0, 2, 0, 0, 0, 0, 0, 0,
    0, -17, 0, 0, 0, 0, 0, 0,
    0, 0, 0, 7, -11, 5, 7, -36,
    -18, -16, 0, 0, -12, 0, -7, -14,
    -7, -16, -5, 0, 0, 3, 3, -1,
    0, 0, 0, -18, 0, -16, -8, -13,
    0, -5, -5, -13, -1, -8, -5, -7,
    -8, -11, 7, -21, -9, 0, -32, 0,
    -12, 7, 3, 2, -3, 0, -3, 0,
    7, -7, 5, 7, -21, -8, -7, 0,
    0, -7, 0, -3, -7, -3, -9, -2,
    4, 0, 3, 0, -1, 0, 0, 0,
    -16, 0, -10, 0, -11, 0, -2, -3,
    -9, 0, -5, -1, -5, -1, -7, 7,
    -7, -3, 0, -25, 0, -5, 7, 3,
    3, 7, 0, -1, 0, 0, -7, 4,
    -7, 0, -7, 0, 0, 0, 2, -7,
    -8, 3, -8, 3, -4, 0, -3, -1,
    -1, 1, 1, 1, 0, -2, 0, -4,
    -4, 0, 0, 0, -2, -5, -4, -5,
    -1, 0, 2, -11, -7, -12, 0, 0,
    -1, 0, -4, 0, 0, 0, 0, 0,
    0, 0, 7, -19, 5, 4, -39, -18,
    -19, 0, 0, -25, 0, -9, -20, -9,
    -19, -8, 0, -2, 0, 0, 1, 2,
    -2, 0, -28, -7, -25, -10, -26, -7,
    -4, -10, -21, -6, -20, -14, -16, -13,
    -21, 4, -25, -14, 0, -35, 0, -16,
    0, -2, 2, 0, 0, -3, 0, 0,
    0, 0, 0, 0, -2, 0, 0, 0,
    0, -1, -5, 3, -5, 3, 0, 0,
    -1, 0, 0, 1, -2, 3, 0, 1,
    0, 2, -1, 0, 0, -3, 2, -2,
    -3, -2, -1, 0, 0, -4, 0, -7,
    0, 0, 5, 0, 0, 0, 0, 0,
    0, 0, -1, 0, 0, 0, 0, 0,
    0, 0, 0, 0, 0, 0, 0, 0,
    0, 0, 3, 0, -14, -5, -1, 0,
    0, -7, 0, 0, 0, 0, 0, 0,
    0, 0, 0, 0, 0, 0, 0, 0,
    0, 0, 0, 0, 0, 0, 0, 0,
    0, 0, 0, 0, 0, 0, 0, 0,
    0, 0, 0, 0, -5, 0, 0, 0,
    0, 0, 0, -7, 0, 0, 0, 0,
    0, -26, 0, -16, 0, 0, 0, 0,
    -14, -3, 0, 0, 0, 0, 0, 0,
    0, 0, -3, 0, -1, -2, 2, 0,
    -2, 0, 0, 0, 0, 0, 0, 0,
    0, 0, 0, 0, 0, 0, -5, 0,
    0, -5, -9, 7, 0, 0, 0, 0,
    -12, 0, 0, 0, 0, 0, -28, 0,
    -15, 0, 0, 0, 0, -14, -2, 0,
    0, 0, 0, 0, 0, 0, -3, 0,
    -3, -3, -6, -5, 0, 0, 0, 0,
    0, 0, 0, 0, 0, 0, 0, 0,
    0, 0, 0, -5, 0, 0, -5, -9,
    0, 0, 0, 0, 0, -12, 0, 0,
    0, 0, -1, -12, 0, -8, -6, 0,
    0, 0, -14, -3, 0, 0, 0, 0,
    0, -3, 0, -3, 0, -2, -2, -5,
    -3, 0, 0, 0, 0, 0, 0, 0,
    0, 0, 0, 0, 0, 0, 0, 0,
    -5, 0, 0, -5, -9, 0, 0, 0,
    0, 0, -12, 0, 0, 0, 0, 0,
    -27, 0, -14, 0, 0, 0, 0, -14,
    0, 0, 0, 0, -1, 0, 0, 0,
    -2, 0, 0, -1, -5, -4, 0, 0,
    0, 0, 0, 0, 0, 0, 0, 0,
    0, 0, 0, 0, 5, 11, -3, 7,
    14, -14, -2, 0, 0, 0, 0, 10,
    0, 0, 0, 0, 0, 0, 0, 0,
    0, 0, 0, 0, 2, -6, 0, -4,
    0, -4, 0, 0, 0, -4, 3, -1,
    5, 1, -2, -4, 14, 0, 0, 0,
    0, 0, 0, 5, 0, 5, 5, 0,
    3, 0, 6, -5, 3, 9, 3, 0,
    0, 0, 0, 0, 3, 0, 0, 0,
    0, 0, 0, 0, 0, 0, 0, 0,
    0, 0, -3, 0, -3, 3, 3, 10,
    1, 0, -6, 3, 0, 3, 1, 0,
    -8, 14, 0, 0, 0, 0, 0, 0,
    0, 0, 0, 0, 0, 5, 0, 0,
    0, 0, -3, 0, 0, 0, 0, 0,
    0, -7, 0, 0, 0, 0, 0, -14,
    0, 0, 0, 0, 0, 0, -14, 0,
    0, 0, 0, 0, 0, 0, 0, 0,
    0, 0, -2, -2, 0, 0, -2, 0,
    0, 0, 0, 0, 0, 0, 0, 0,
    0, 0, 0, 0, 0, 0, 0, 0,
    0, 0, 0, 0, 0, 0, 0, 0,
    0, 0, 0, 0, 0, 0, 0, 0,
    0, 0, 0, -7, -2, 0, 0, 0,
    0, 0, 0, 0, 0, 0, 0, 0,
    0, 0, 0, 0, 0, 0, 0, 0,
    0, 0, 0, 12, 2, 0, 0, 0,
    -4, 0, -8, 0, 0, 0, 0, 0,
    0, 0, 0, 2, 0, 0, 0, 0,
    0, 0, 0, 0, 0, 0, 0, 0,
    0, -4, 0, -8, -2, -4, 0, -4,
    0, -4, -1, -4, 1, 3, 1, -11,
    5, -12, 0, 0, 0, 0, 0, 0,
    0, 0, 0, 0, 0, 0, 0, 0,
    0, -2, 0, -3, 0, 0, 0, 0,
    -3, 0, 0, 0, 0, 0, 0, 0,
    0, 0, 0, 0, 0, 0, 3, 0,
    0, 0, 3, 0, -3, 0, 0, -2,
    0, 0, 5, 2, 0, 0, 0, 0,
    0, 0, 0, 0, 0, 0, 0, 0,
    0, 0, 0, 7, -5, 0, 7, -28,
    -10, 0, 0, 0, 0, 5, 0, 0,
    0, 0, 0, -12, 0, 0, 0, 0,
    0, 0, 3, -10, 0, -4, 1, -5,
    0, 0, 0, -3, 0, 0, 5, 0,
    -4, -2, 16, -3, 0, 0, 0, 0,
    0, 0, 0, 0, 0, 0, 0, 0,
    -9, 0, 0, -10, -4, 0, 0, 0,
    0, 0, -7, 0, 0, 0, 0, 0,
    0, 0, 0, 0, 0, 0, 0, -14,
    -3, 0, -3, 0, -6, 0, -3, 0,
    -6, -3, -3, -5, -6, -4, 0, 0,
    0, 0, 0, 0, 0, 0, 0, 0,
    0, 0, 0, 0, 0, 3, 0, 0,
    5, 0, -2, 0, 0, 0, 0, 0,
    0, 0, 0, 0, 0, 0, 0, 0,
    0, 0, 0, 0, 0, -1, 0, -2,
    -3, 2, 0, 0, 0, -1, 0, 0,
    0, 3, 3, -4, 7, -2, 0, 0,
    0, 0, 0, 0, 0, 0, 0, 0,
    0, 0, 3, 0, 0, 9, -25, 0,
    0, 0, 0, 0, 10, 1, -3, 1,
    0, 0, -13, 0, 0, 0, 0, 0,
    0, 2, -3, 0, -3, 3, -2, 0,
    0, 0, -3, 3, 0, 7, 3, -3,
    0, 14, 0, 0, 0, 0, 0, 0,
    0, 0, 0, 0, 0, 5, 0, 3,
    0, 0, 9, -21, 0, 0, 0, 0,
    0, 10, 1, -3, 1, 0, 0, -13,
    0, 0, 0, 0, 0, 0, 2, -3,
    0, -3, 3, -2, 0, 0, 0, -3,
    3, 0, 7, 3, -3, 0, 14, 0,
    0, 0, 0, 0, 0, 0, 0, 0,
    0, 0, 5, 0, 0, -3, 0, 0,
    1, -5, 0, 0, 0, 0, 2, 0,
    1, 0, 0, 0, 0, 0, 0, 0,
    0, 0, 0, 0, -3, 0, -6, 3,
    2, 0, 0, 0, -6, 2, -3, 3,
    3, 0, -7, 5, -6, 0, 0, 0,
    0, 0, 0, 0, 0, 0, 0, 0,
    0, -2, 0, 0, 0, 0, 0, 0,
    0, 0, 0, 0, 0, 0, 0, 0,
    0, 0, 0, 0, 0, 0, 0, 0,
    0, -2, 0, -5, 0, -2, 0, -1,
    0, -4, 0, 0, -3, 0, -1, -5,
    0, 0, 0, 0, 0, 0, 0, 0,
    0, 0, 0, 0, 0, 0, 0, 0,
    0, 0, -9, 0, 0, 0, 0, 0,
    0, 0, 0, 0, 0, 0, 0, 0,
    0, 0, 0, 0, 0, 0, 0, 0,
    0, 0, 0, 0, 0, 0, 0, 0,
    0, 0, 0, 0, 0, 0, 0, 0,
    0, 0, 0, 0, 0, 0, 0, 0,
    0, 0, 0, 0, 0, 0, 0, -35,
    0, 0, 0, 0, 0, 0, 0, 0,
    0, 0, 0, 0, 0, 0, 0, 0,
    0, 0, 0, 0, 0, 0, 0, 0,
    0, 0, 0, 0, 0, 0, 0, 0,
    0, 0, 0, 0, 0, 0, 0, 0,
    0, 0, 0, 0, 0, 0, 0, 0,
    0, 0, 0, 0, 0, 0, 0, 0,
    0, 0, 0, 0, 0, 0, 0, 5,
    0, 0, 0, 13, 0, 0, 0, 0,
    0, 0, -8, 10, 0, 0, 0, 0,
    -7, 0, 0, 10, 0, 0, 0, 0,
    0, 0, 0, 0, 0, 0, 0, 0,
    0, 0, 0, 0, 0, 0, 0, 0,
    0, 0, 0, 0, 0, 0, 0, 0,
    0, -5, 0, -4, 0, -25, 0, -21,
    -7, -12, -25, -7, 0, 0, 0, 0,
    0, 0, 0, 0, 0, 0, 0, 0,
    0, -6, 0, 0, 0, 0, 0, 0,
    -18, 0, 0, 0, 0, 0, 0, 0,
    0, 0, 0, 0, 0, 0, -14, 0,
    0, 0, 0, 0, -21, 0, 0, 0,
    0, 0, 0, 0, 0, 0, 0, 0,
    0, 0, 0, 0, 0, 0, 0, 0,
    0, 0, 0, 0, 0, 0, 0, 0,
    0, 0, 0, 0, 0, 0, 0, 0,
    0, 0, 0, 0, 0, 0, 0, -35,
    0, 0, 0, 0, 0, 0, 0, 0,
    0, 0, -25, 0, 0, 0, 0, 0,
    0, 0, 0, 0, 0, 0, 0, 0,
    0, 0, 0, 0, 0, 0, 0, 0,
    0, 0, 0, 0, 0, -14, 0, 0,
    0, 0, 0, 0, 0, 0, 0, 0,
    0, 0, 0, 0, -2, 0, 0, -2,
    -36, 3, -13, 0, 0, 0, 0, 0,
    -11, 0, -14, -5, -15, 0, -10, -10,
    -18, -18, 0, -7, -2, 0, 0, 0,
    0, 0, 0, 0, 0, 0, 0, 0,
    0, 0, 0, 0, -4, 0, 0, -27,
    7, 0, 0, 0, 0, 0, 0, 0,
    0, 0, 0, 0, 0, 0, 0, 0,
    0, 0, 0, 0, 0, 0, 0, 0,
    0, 0, 0, 0, 0, 0, 0, 0,
    -7, -2, 0, 0, 0, 0, 0, 0,
    0, 0, 0, 0, 0, 0, 0, 0,
    0, 0, 0, 0, 0, 0, 0, 0,
    12, 7, 0, 0, 0, 0, 0, 0,
    0, 0, 0, 0, 0, 0, 0, 0,
    0, 0, 0, 0, 0, 0, 0, 0,
    0, 0, 0, 0, 0, 0, 0, 0,
    0, 0, 0, 0, 0, 0, 0, 0,
    0, 0, -3, 0, 0, 0, 0, 0,
    0, 0, 0, 0, 0, 0, 0, 0,
    0, 0, 0, 0, 0, 0, 0, 0,
    0, 0, 0, 0, 0, 14, 0, 0,
    0, 0, 0, 0, 0, 0, 0, 0,
    0, 0, 0, 0, 14, 0, 0, 0,
    14, 15, 0, 0, 0, 0, 0, 0,
    0, 0, 0, 0, 0, 0, 0, 0,
    14, 29, 14, 29, 29, 0, 0, 0,
    0, 0, 0, 0, 0, 0, 0, 0,
    0, 0, 0, 0, 0, 0, 0, 0,
    0, 0, 0, 0, 0, 0, 0, 0,
    0, 7, 0, 3, 0, 7, 7, 0,
    0, 3, 0, 0, 0, 0, 0, 0,
    0, 0, 0, 0, 0, 7, 21, 7,
    21, 21, 7, 0, 0, 0, 0, 0,
    0, 0, 0, 0, 0, 0, 0, 0,
    0, 0, 0, 0, 0, 0, 0, 0,
    0, 0, 0, 0, 0, 0, 3, 0,
    0, 0, 3, 0, 0, 0, 0, 0,
    0, 0, 0, 0, 0, 0, 0, 0,
    0, 0, 3, 0, 3, 0, 0, 0,
    0
};


/*Collect the kern class' data in one place*/
static const lv_font_fmt_txt_kern_classes_t kern_classes =
{
    .class_pair_values   = kern_class_values,
    .left_class_mapping  = kern_left_class_mapping,
    .right_class_mapping = kern_right_class_mapping,
    .left_class_cnt      = 61,
    .right_class_cnt     = 53,
};

/*--------------------
 *  ALL CUSTOM DATA
 *--------------------*/

#if LVGL_VERSION_MAJOR == 8
/*Store all the custom data of the font*/
static  lv_font_fmt_txt_glyph_cache_t cache;
#endif

#if LVGL_VERSION_MAJOR >= 8
static const lv_font_fmt_txt_dsc_t font_dsc = {
#else
static lv_font_fmt_txt_dsc_t font_dsc = {
#endif
    .glyph_bitmap = glyph_bitmap,
    .glyph_dsc = glyph_dsc,
    .cmaps = cmaps,
    .kern_dsc = &kern_classes,
    .kern_scale = 16,
    .cmap_num = 2,
    .bpp = 2,
    .kern_classes = 1,
    .bitmap_format = 0,
#if LVGL_VERSION_MAJOR == 8
    .cache = &cache
#endif

};



/*-----------------
 *  PUBLIC FONT
 *----------------*/

/*Initialize a public general font descriptor*/
#if LVGL_VERSION_MAJOR >= 8
const lv_font_t lv_font_aptos_semibold_22 = {
#else
lv_font_t lv_font_aptos_semibold_22 = {
#endif
    .get_glyph_dsc = lv_font_get_glyph_dsc_fmt_txt,    /*Function pointer to get glyph's data*/
    .get_glyph_bitmap = lv_font_get_bitmap_fmt_txt,    /*Function pointer to get glyph's bitmap*/
    .line_height = 25,          /*The maximum line height required by the font*/
    .base_line = 5,             /*Baseline measured from the bottom of the line*/
#if !(LVGL_VERSION_MAJOR == 6 && LVGL_VERSION_MINOR == 0)
    .subpx = LV_FONT_SUBPX_NONE,
#endif
#if LV_VERSION_CHECK(7, 4, 0) || LVGL_VERSION_MAJOR >= 8
    .underline_position = -1,
    .underline_thickness = 1,
#endif
    .static_bitmap = 0,
    .dsc = &font_dsc,          /*The custom font data. Will be accessed by `get_glyph_bitmap/dsc` */
#if LV_VERSION_CHECK(8, 2, 0) || LVGL_VERSION_MAJOR >= 9
    .fallback = NULL,
#endif
    .user_data = NULL,
};



#endif /*#if LV_FONT_APTOS_SEMIBOLD_22*/
